-- MariaDB dump 10.19  Distrib 10.6.10-MariaDB, for Win64 (AMD64)
--
-- Host: localhost    Database: h4
-- ------------------------------------------------------
-- Server version	10.6.10-MariaDB-log

/*!40101 SET @OLD_CHARACTER_SET_CLIENT=@@CHARACTER_SET_CLIENT */;
/*!40101 SET @OLD_CHARACTER_SET_RESULTS=@@CHARACTER_SET_RESULTS */;
/*!40101 SET @OLD_COLLATION_CONNECTION=@@COLLATION_CONNECTION */;
/*!40101 SET NAMES utf8mb4 */;
/*!40103 SET @OLD_TIME_ZONE=@@TIME_ZONE */;
/*!40103 SET TIME_ZONE='+00:00' */;
/*!40014 SET @OLD_UNIQUE_CHECKS=@@UNIQUE_CHECKS, UNIQUE_CHECKS=0 */;
/*!40014 SET @OLD_FOREIGN_KEY_CHECKS=@@FOREIGN_KEY_CHECKS, FOREIGN_KEY_CHECKS=0 */;
/*!40101 SET @OLD_SQL_MODE=@@SQL_MODE, SQL_MODE='NO_AUTO_VALUE_ON_ZERO' */;
/*!40111 SET @OLD_SQL_NOTES=@@SQL_NOTES, SQL_NOTES=0 */;

--
-- Table structure for table `tesorus_road_calculator`
--

DROP TABLE IF EXISTS `tesorus_road_calculator`;
/*!40101 SET @saved_cs_client     = @@character_set_client */;
/*!40101 SET character_set_client = utf8 */;
CREATE TABLE `tesorus_road_calculator` (
  `id_road` int(11) NOT NULL AUTO_INCREMENT,
  `id_cell` int(11) NOT NULL,
  `id_road_parent` int(11) NOT NULL,
  `rank` int(11) NOT NULL,
  `is_terminus` tinyint(4) DEFAULT NULL,
  `_measure` varchar(255) DEFAULT NULL,
  `period_month_calcul` int(11) DEFAULT NULL,
  `isActive` tinyint(4) NOT NULL DEFAULT 1,
  `has_text` tinyint(4) DEFAULT NULL,
  `annotation_fr` varchar(255) DEFAULT NULL,
  `annotation_nl` varchar(255) DEFAULT NULL,
  `updated_at` timestamp NOT NULL DEFAULT current_timestamp() ON UPDATE current_timestamp(),
  `updated_by` int(11) NOT NULL,
  `created_at` timestamp NOT NULL DEFAULT current_timestamp(),
  `created_by` int(11) NOT NULL,
  `comment` text DEFAULT NULL,
  PRIMARY KEY (`id_road`)
) ENGINE=InnoDB AUTO_INCREMENT=216 DEFAULT CHARSET=utf8mb3;
/*!40101 SET character_set_client = @saved_cs_client */;

--
-- Dumping data for table `tesorus_road_calculator`
--

LOCK TABLES `tesorus_road_calculator` WRITE;
/*!40000 ALTER TABLE `tesorus_road_calculator` DISABLE KEYS */;
INSERT INTO `tesorus_road_calculator` VALUES (1,279,0,0,NULL,NULL,NULL,1,NULL,NULL,NULL,'2023-08-31 06:59:08',0,'2023-08-31 06:59:08',0,NULL),(2,169,1,0,NULL,NULL,NULL,1,NULL,NULL,NULL,'2023-08-31 06:59:08',0,'2023-08-31 06:59:08',0,NULL),(3,280,2,0,1,'m2',6,1,NULL,NULL,NULL,'2023-08-31 06:59:08',0,'2023-08-31 06:59:08',0,NULL),(4,281,2,1,1,'mct',6,1,NULL,NULL,NULL,'2023-08-31 06:59:08',0,'2023-08-31 06:59:08',0,NULL),(5,282,2,2,1,'m2',6,1,NULL,NULL,NULL,'2023-08-31 06:59:08',0,'2023-08-31 06:59:08',0,NULL),(6,283,2,3,1,'m2',6,1,NULL,NULL,NULL,'2023-08-31 06:59:08',0,'2023-08-31 06:59:08',0,NULL),(7,284,2,4,NULL,NULL,NULL,1,NULL,NULL,NULL,'2023-08-31 06:59:08',0,'2023-08-31 06:59:08',0,NULL),(8,285,7,0,1,'ml',6,1,NULL,NULL,NULL,'2023-08-31 06:59:08',0,'2023-08-31 06:59:08',0,NULL),(9,286,7,1,1,'ml',6,1,NULL,NULL,NULL,'2023-08-31 06:59:08',0,'2023-08-31 06:59:08',0,NULL),(10,287,2,5,NULL,NULL,NULL,1,NULL,NULL,NULL,'2023-08-31 06:59:08',0,'2023-08-31 06:59:08',0,NULL),(11,288,10,0,1,'ml',6,1,NULL,NULL,NULL,'2023-08-31 06:59:08',0,'2023-08-31 06:59:08',0,NULL),(12,289,10,1,1,'ml',6,1,NULL,NULL,NULL,'2023-08-31 06:59:08',0,'2023-08-31 06:59:08',0,NULL),(13,290,10,2,1,'ml',6,1,NULL,NULL,NULL,'2023-08-31 06:59:09',0,'2023-08-31 06:59:09',0,NULL),(14,291,2,6,1,'m2',6,1,NULL,NULL,NULL,'2023-08-31 06:59:09',0,'2023-08-31 06:59:09',0,NULL),(15,292,1,1,NULL,NULL,NULL,1,NULL,NULL,NULL,'2023-08-31 06:59:09',0,'2023-08-31 06:59:09',0,NULL),(16,293,15,0,1,'m2',6,1,NULL,NULL,NULL,'2023-08-31 06:59:09',0,'2023-08-31 06:59:09',0,NULL),(17,294,15,1,1,'m2',6,1,NULL,NULL,NULL,'2023-08-31 06:59:09',0,'2023-08-31 06:59:09',0,NULL),(18,295,15,2,1,'m2',6,1,NULL,NULL,NULL,'2023-08-31 06:59:09',0,'2023-08-31 06:59:09',0,NULL),(19,296,15,3,1,'m2',6,1,NULL,NULL,NULL,'2023-08-31 06:59:09',0,'2023-08-31 06:59:09',0,NULL),(20,297,15,4,1,'m2',6,1,NULL,NULL,NULL,'2023-08-31 06:59:09',0,'2023-08-31 06:59:09',0,NULL),(21,298,15,5,1,'m2',6,1,NULL,NULL,NULL,'2023-08-31 06:59:09',0,'2023-08-31 06:59:09',0,NULL),(22,299,15,6,1,'m2',6,1,NULL,NULL,NULL,'2023-08-31 06:59:09',0,'2023-08-31 06:59:09',0,NULL),(23,300,15,7,1,'m2',6,1,NULL,NULL,NULL,'2023-08-31 06:59:09',0,'2023-08-31 06:59:09',0,NULL),(24,301,15,8,1,'m2',6,1,NULL,NULL,NULL,'2023-08-31 06:59:09',0,'2023-08-31 06:59:09',0,NULL),(25,164,15,9,1,'m2',6,1,NULL,NULL,NULL,'2023-08-31 06:59:10',0,'2023-08-31 06:59:10',0,NULL),(26,302,15,10,1,'m2',6,1,NULL,NULL,NULL,'2023-08-31 06:59:10',0,'2023-08-31 06:59:10',0,NULL),(27,303,1,2,NULL,NULL,NULL,1,NULL,NULL,NULL,'2023-08-31 06:59:10',0,'2023-08-31 06:59:10',0,NULL),(28,304,27,0,1,'mct',6,1,NULL,NULL,NULL,'2023-08-31 06:59:10',0,'2023-08-31 06:59:10',0,NULL),(29,305,27,1,1,'mct',6,1,NULL,NULL,NULL,'2023-08-31 06:59:10',0,'2023-08-31 06:59:10',0,NULL),(30,306,27,2,1,'mct',6,1,NULL,NULL,NULL,'2023-08-31 06:59:10',0,'2023-08-31 06:59:10',0,NULL),(31,307,27,3,1,'mct',6,1,NULL,NULL,NULL,'2023-08-31 06:59:10',0,'2023-08-31 06:59:10',0,NULL),(32,308,27,4,1,'mct',6,1,NULL,NULL,NULL,'2023-08-31 06:59:10',0,'2023-08-31 06:59:10',0,NULL),(33,309,27,5,1,'m2',6,1,NULL,NULL,NULL,'2023-08-31 06:59:10',0,'2023-08-31 06:59:10',0,NULL),(34,310,27,6,1,'m2',6,1,NULL,NULL,NULL,'2023-08-31 06:59:10',0,'2023-08-31 06:59:10',0,NULL),(35,311,0,1,NULL,NULL,NULL,1,NULL,NULL,NULL,'2023-08-31 06:59:10',0,'2023-08-31 06:59:10',0,NULL),(36,312,35,0,NULL,NULL,NULL,1,NULL,NULL,NULL,'2023-08-31 06:59:10',0,'2023-08-31 06:59:10',0,NULL),(37,313,36,0,NULL,NULL,NULL,1,NULL,NULL,NULL,'2023-08-31 06:59:10',0,'2023-08-31 06:59:10',0,NULL),(38,314,37,0,NULL,NULL,NULL,1,NULL,NULL,NULL,'2023-08-31 06:59:10',0,'2023-08-31 06:59:10',0,NULL),(39,315,38,0,1,'m2',6,1,NULL,NULL,NULL,'2023-08-31 06:59:10',0,'2023-08-31 06:59:10',0,NULL),(40,316,38,1,1,'m2',6,1,NULL,NULL,NULL,'2023-08-31 06:59:10',0,'2023-08-31 06:59:10',0,NULL),(41,317,38,2,1,'m2',6,1,NULL,NULL,NULL,'2023-08-31 06:59:10',0,'2023-08-31 06:59:10',0,NULL),(42,318,37,1,NULL,NULL,NULL,1,NULL,NULL,NULL,'2023-08-31 06:59:11',0,'2023-08-31 06:59:11',0,NULL),(43,315,42,0,1,'m2',6,1,NULL,NULL,NULL,'2023-08-31 06:59:11',0,'2023-08-31 06:59:11',0,NULL),(44,316,42,1,1,'m2',6,1,NULL,NULL,NULL,'2023-08-31 06:59:11',0,'2023-08-31 06:59:11',0,NULL),(45,317,42,2,1,'m2',6,1,NULL,NULL,NULL,'2023-08-31 06:59:11',0,'2023-08-31 06:59:11',0,NULL),(46,319,37,2,NULL,NULL,NULL,1,NULL,NULL,NULL,'2023-08-31 06:59:11',0,'2023-08-31 06:59:11',0,NULL),(47,315,46,0,1,'m2',6,1,NULL,NULL,NULL,'2023-08-31 06:59:11',0,'2023-08-31 06:59:11',0,NULL),(48,316,46,1,1,'m2',6,1,NULL,NULL,NULL,'2023-08-31 06:59:11',0,'2023-08-31 06:59:11',0,NULL),(49,317,46,2,1,'m2',6,1,NULL,NULL,NULL,'2023-08-31 06:59:11',0,'2023-08-31 06:59:11',0,NULL),(50,320,37,3,NULL,NULL,NULL,1,NULL,NULL,NULL,'2023-08-31 06:59:11',0,'2023-08-31 06:59:11',0,NULL),(51,315,50,0,1,'m2',6,1,NULL,NULL,NULL,'2023-08-31 06:59:11',0,'2023-08-31 06:59:11',0,NULL),(52,316,50,1,1,'m2',6,1,NULL,NULL,NULL,'2023-08-31 06:59:11',0,'2023-08-31 06:59:11',0,NULL),(53,317,50,2,1,'m2',6,1,NULL,NULL,NULL,'2023-08-31 06:59:11',0,'2023-08-31 06:59:11',0,NULL),(54,321,36,1,NULL,NULL,NULL,1,NULL,NULL,NULL,'2023-08-31 06:59:11',0,'2023-08-31 06:59:11',0,NULL),(55,314,54,0,NULL,NULL,NULL,1,NULL,NULL,NULL,'2023-08-31 06:59:11',0,'2023-08-31 06:59:11',0,NULL),(56,315,55,0,1,'m2',6,1,NULL,NULL,NULL,'2023-08-31 06:59:11',0,'2023-08-31 06:59:11',0,NULL),(57,316,55,1,1,'m2',6,1,NULL,NULL,NULL,'2023-08-31 06:59:12',0,'2023-08-31 06:59:12',0,NULL),(58,317,55,2,1,'m2',6,1,NULL,NULL,NULL,'2023-08-31 06:59:12',0,'2023-08-31 06:59:12',0,NULL),(59,318,54,1,NULL,NULL,NULL,1,NULL,NULL,NULL,'2023-08-31 06:59:12',0,'2023-08-31 06:59:12',0,NULL),(60,315,59,0,1,'m2',6,1,NULL,NULL,NULL,'2023-08-31 06:59:12',0,'2023-08-31 06:59:12',0,NULL),(61,316,59,1,1,'m2',6,1,NULL,NULL,NULL,'2023-08-31 06:59:12',0,'2023-08-31 06:59:12',0,NULL),(62,317,59,2,1,'m2',6,1,NULL,NULL,NULL,'2023-08-31 06:59:12',0,'2023-08-31 06:59:12',0,NULL),(63,319,54,2,NULL,NULL,NULL,1,NULL,NULL,NULL,'2023-08-31 06:59:12',0,'2023-08-31 06:59:12',0,NULL),(64,315,63,0,1,'m2',6,1,NULL,NULL,NULL,'2023-08-31 06:59:12',0,'2023-08-31 06:59:12',0,NULL),(65,316,63,1,1,'m2',6,1,NULL,NULL,NULL,'2023-08-31 06:59:12',0,'2023-08-31 06:59:12',0,NULL),(66,317,63,2,1,'m2',6,1,NULL,NULL,NULL,'2023-08-31 06:59:12',0,'2023-08-31 06:59:12',0,NULL),(67,320,54,3,NULL,NULL,NULL,1,NULL,NULL,NULL,'2023-08-31 06:59:12',0,'2023-08-31 06:59:12',0,NULL),(68,315,67,0,1,'m2',6,1,NULL,NULL,NULL,'2023-08-31 06:59:12',0,'2023-08-31 06:59:12',0,NULL),(69,316,67,1,1,'m2',6,1,NULL,NULL,NULL,'2023-08-31 06:59:12',0,'2023-08-31 06:59:12',0,NULL),(70,317,67,2,1,'m2',6,1,NULL,NULL,NULL,'2023-08-31 06:59:13',0,'2023-08-31 06:59:13',0,NULL),(71,322,35,1,NULL,NULL,NULL,1,NULL,NULL,NULL,'2023-08-31 06:59:13',0,'2023-08-31 06:59:13',0,NULL),(72,323,71,0,NULL,NULL,NULL,1,NULL,NULL,NULL,'2023-08-31 06:59:13',0,'2023-08-31 06:59:13',0,NULL),(73,314,72,0,NULL,NULL,NULL,1,NULL,NULL,NULL,'2023-08-31 06:59:13',0,'2023-08-31 06:59:13',0,NULL),(74,315,73,0,1,'m2',6,1,NULL,NULL,NULL,'2023-08-31 06:59:13',0,'2023-08-31 06:59:13',0,NULL),(75,316,73,1,1,'m2',6,1,NULL,NULL,NULL,'2023-08-31 06:59:13',0,'2023-08-31 06:59:13',0,NULL),(76,317,73,2,1,'m2',6,1,NULL,NULL,NULL,'2023-08-31 06:59:13',0,'2023-08-31 06:59:13',0,NULL),(77,318,72,1,NULL,NULL,NULL,1,NULL,NULL,NULL,'2023-08-31 06:59:13',0,'2023-08-31 06:59:13',0,NULL),(78,315,77,0,1,'m2',6,1,NULL,NULL,NULL,'2023-08-31 06:59:13',0,'2023-08-31 06:59:13',0,NULL),(79,316,77,1,1,'m2',6,1,NULL,NULL,NULL,'2023-08-31 06:59:13',0,'2023-08-31 06:59:13',0,NULL),(80,317,77,2,1,'m2',6,1,NULL,NULL,NULL,'2023-08-31 06:59:13',0,'2023-08-31 06:59:13',0,NULL),(81,319,72,2,NULL,NULL,NULL,1,NULL,NULL,NULL,'2023-08-31 06:59:13',0,'2023-08-31 06:59:13',0,NULL),(82,315,81,0,1,'m2',6,1,NULL,NULL,NULL,'2023-08-31 06:59:13',0,'2023-08-31 06:59:13',0,NULL),(83,316,81,1,1,'m2',6,1,NULL,NULL,NULL,'2023-08-31 06:59:13',0,'2023-08-31 06:59:13',0,NULL),(84,317,81,2,1,'m2',6,1,NULL,NULL,NULL,'2023-08-31 06:59:13',0,'2023-08-31 06:59:13',0,NULL),(85,91,0,2,NULL,NULL,NULL,1,NULL,NULL,NULL,'2023-08-31 06:59:14',0,'2023-08-31 06:59:14',0,NULL),(86,25,85,0,NULL,NULL,NULL,1,NULL,NULL,NULL,'2023-08-31 06:59:14',0,'2023-08-31 06:59:14',0,NULL),(87,324,86,0,NULL,NULL,NULL,1,NULL,NULL,NULL,'2023-08-31 06:59:14',0,'2023-08-31 06:59:14',0,NULL),(88,25,87,0,NULL,NULL,NULL,1,NULL,NULL,NULL,'2023-08-31 06:59:14',0,'2023-08-31 06:59:14',0,NULL),(89,325,88,0,1,'m2',6,1,NULL,NULL,NULL,'2023-08-31 06:59:14',0,'2023-08-31 06:59:14',0,NULL),(90,326,88,1,1,'m2',6,1,NULL,NULL,NULL,'2023-08-31 06:59:14',0,'2023-08-31 06:59:14',0,NULL),(91,294,87,1,1,'m2',6,1,NULL,NULL,NULL,'2023-08-31 06:59:14',0,'2023-08-31 06:59:14',0,NULL),(92,300,87,2,1,'m2',6,1,NULL,NULL,NULL,'2023-08-31 06:59:14',0,'2023-08-31 06:59:14',0,NULL),(93,301,87,3,1,'m2',6,1,NULL,NULL,NULL,'2023-08-31 06:59:14',0,'2023-08-31 06:59:14',0,NULL),(94,327,87,4,1,'m2',6,1,NULL,NULL,NULL,'2023-08-31 06:59:14',0,'2023-08-31 06:59:14',0,NULL),(95,328,86,1,NULL,NULL,NULL,1,NULL,NULL,NULL,'2023-08-31 06:59:15',0,'2023-08-31 06:59:15',0,NULL),(96,25,95,0,NULL,NULL,NULL,1,NULL,NULL,NULL,'2023-08-31 06:59:15',0,'2023-08-31 06:59:15',0,NULL),(97,325,96,0,1,'m2',6,1,NULL,NULL,NULL,'2023-08-31 06:59:15',0,'2023-08-31 06:59:15',0,NULL),(98,329,96,1,1,'m2',6,1,NULL,NULL,NULL,'2023-08-31 06:59:15',0,'2023-08-31 06:59:15',0,NULL),(99,294,95,1,1,'m2',6,1,NULL,NULL,NULL,'2023-08-31 06:59:15',0,'2023-08-31 06:59:15',0,NULL),(100,300,95,2,1,'m2',6,1,NULL,NULL,NULL,'2023-08-31 06:59:15',0,'2023-08-31 06:59:15',0,NULL),(101,330,95,3,1,'m2',6,1,NULL,NULL,NULL,'2023-08-31 06:59:15',0,'2023-08-31 06:59:15',0,NULL),(102,331,95,4,1,'m2',6,1,NULL,NULL,NULL,'2023-08-31 06:59:15',0,'2023-08-31 06:59:15',0,NULL),(103,332,95,5,NULL,NULL,NULL,1,NULL,NULL,NULL,'2023-08-31 06:59:15',0,'2023-08-31 06:59:15',0,NULL),(104,221,103,0,1,'m2',6,1,NULL,NULL,NULL,'2023-08-31 06:59:15',0,'2023-08-31 06:59:15',0,NULL),(105,215,103,1,1,'m2',6,1,NULL,NULL,NULL,'2023-08-31 06:59:15',0,'2023-08-31 06:59:15',0,NULL),(106,333,85,1,NULL,NULL,NULL,1,NULL,NULL,NULL,'2023-08-31 06:59:16',0,'2023-08-31 06:59:16',0,NULL),(107,244,106,0,NULL,NULL,NULL,1,NULL,NULL,NULL,'2023-08-31 06:59:16',0,'2023-08-31 06:59:16',0,NULL),(108,334,107,0,1,'m2',6,1,NULL,NULL,NULL,'2023-08-31 06:59:16',0,'2023-08-31 06:59:16',0,NULL),(109,246,107,1,1,'m2',6,1,NULL,NULL,NULL,'2023-08-31 06:59:16',0,'2023-08-31 06:59:16',0,NULL),(110,335,107,2,1,'m2',6,1,NULL,NULL,NULL,'2023-08-31 06:59:16',0,'2023-08-31 06:59:16',0,NULL),(111,222,107,3,1,'m2',6,1,NULL,NULL,NULL,'2023-08-31 06:59:16',0,'2023-08-31 06:59:16',0,NULL),(112,336,106,1,NULL,NULL,NULL,1,NULL,NULL,NULL,'2023-08-31 06:59:16',0,'2023-08-31 06:59:16',0,NULL),(113,318,112,0,1,'m2',6,1,NULL,NULL,NULL,'2023-08-31 06:59:16',0,'2023-08-31 06:59:16',0,NULL),(114,337,112,1,1,'m2',6,1,NULL,NULL,NULL,'2023-08-31 06:59:16',0,'2023-08-31 06:59:16',0,NULL),(115,300,112,2,1,'m2',6,1,NULL,NULL,NULL,'2023-08-31 06:59:16',0,'2023-08-31 06:59:16',0,NULL),(116,338,106,2,NULL,NULL,NULL,1,NULL,NULL,NULL,'2023-08-31 06:59:16',0,'2023-08-31 06:59:16',0,NULL),(117,339,116,0,1,'m2',6,1,NULL,NULL,NULL,'2023-08-31 06:59:16',0,'2023-08-31 06:59:16',0,NULL),(118,340,106,3,NULL,NULL,NULL,1,NULL,NULL,NULL,'2023-08-31 06:59:16',0,'2023-08-31 06:59:16',0,NULL),(119,341,118,0,1,'m2',6,1,NULL,NULL,NULL,'2023-08-31 06:59:16',0,'2023-08-31 06:59:16',0,NULL),(120,303,85,2,NULL,NULL,NULL,1,NULL,NULL,NULL,'2023-08-31 06:59:16',0,'2023-08-31 06:59:16',0,NULL),(121,342,120,0,NULL,NULL,NULL,1,NULL,NULL,NULL,'2023-08-31 06:59:16',0,'2023-08-31 06:59:16',0,NULL),(122,343,121,0,1,'mct',6,1,NULL,NULL,NULL,'2023-08-31 06:59:16',0,'2023-08-31 06:59:16',0,NULL),(123,344,121,1,1,'mct',6,1,NULL,NULL,NULL,'2023-08-31 06:59:17',0,'2023-08-31 06:59:17',0,NULL),(124,9,0,3,NULL,NULL,NULL,1,NULL,NULL,NULL,'2023-08-31 06:59:17',0,'2023-08-31 06:59:17',0,NULL),(125,25,124,0,NULL,NULL,NULL,1,NULL,NULL,NULL,'2023-08-31 06:59:17',0,'2023-08-31 06:59:17',0,NULL),(126,345,125,0,NULL,NULL,NULL,1,NULL,NULL,NULL,'2023-08-31 06:59:17',0,'2023-08-31 06:59:17',0,NULL),(127,346,126,0,1,'m2',6,1,NULL,NULL,NULL,'2023-08-31 06:59:17',0,'2023-08-31 06:59:17',0,NULL),(128,347,126,1,1,'m2',6,1,NULL,NULL,NULL,'2023-08-31 06:59:17',0,'2023-08-31 06:59:17',0,NULL),(129,348,126,2,1,'m2',6,1,NULL,NULL,NULL,'2023-08-31 06:59:17',0,'2023-08-31 06:59:17',0,NULL),(130,349,126,3,1,'m2',6,1,NULL,NULL,NULL,'2023-08-31 06:59:17',0,'2023-08-31 06:59:17',0,NULL),(131,350,126,4,1,'m2',6,1,NULL,NULL,NULL,'2023-08-31 06:59:17',0,'2023-08-31 06:59:17',0,NULL),(132,351,126,5,NULL,NULL,NULL,1,NULL,NULL,NULL,'2023-08-31 06:59:17',0,'2023-08-31 06:59:17',0,NULL),(133,318,132,0,1,'m2',6,1,NULL,NULL,NULL,'2023-08-31 06:59:17',0,'2023-08-31 06:59:17',0,NULL),(134,248,132,1,1,'m2',6,1,NULL,NULL,NULL,'2023-08-31 06:59:17',0,'2023-08-31 06:59:17',0,NULL),(135,352,125,1,NULL,NULL,NULL,1,NULL,NULL,NULL,'2023-08-31 06:59:17',0,'2023-08-31 06:59:17',0,NULL),(136,353,135,0,NULL,NULL,NULL,1,NULL,NULL,NULL,'2023-08-31 06:59:17',0,'2023-08-31 06:59:17',0,NULL),(137,354,136,0,1,'m2',6,1,NULL,NULL,NULL,'2023-08-31 06:59:17',0,'2023-08-31 06:59:17',0,NULL),(138,355,136,1,1,'m2',6,1,NULL,NULL,NULL,'2023-08-31 06:59:17',0,'2023-08-31 06:59:17',0,NULL),(139,356,135,1,1,'m2',6,1,NULL,NULL,NULL,'2023-08-31 06:59:18',0,'2023-08-31 06:59:18',0,NULL),(140,357,135,2,1,'m2',6,1,NULL,NULL,NULL,'2023-08-31 06:59:18',0,'2023-08-31 06:59:18',0,NULL),(141,358,125,2,NULL,NULL,NULL,1,NULL,NULL,NULL,'2023-08-31 06:59:18',0,'2023-08-31 06:59:18',0,NULL),(142,25,141,0,NULL,NULL,NULL,1,NULL,NULL,NULL,'2023-08-31 06:59:18',0,'2023-08-31 06:59:18',0,NULL),(143,354,142,0,1,'m2',6,1,NULL,NULL,NULL,'2023-08-31 06:59:18',0,'2023-08-31 06:59:18',0,NULL),(144,355,142,1,1,'m2',6,1,NULL,NULL,NULL,'2023-08-31 06:59:18',0,'2023-08-31 06:59:18',0,NULL),(145,359,142,2,1,'m2',6,1,NULL,NULL,NULL,'2023-08-31 06:59:18',0,'2023-08-31 06:59:18',0,NULL),(146,360,141,1,NULL,NULL,NULL,1,NULL,NULL,NULL,'2023-08-31 06:59:18',0,'2023-08-31 06:59:18',0,NULL),(147,361,146,0,1,'m2',6,1,NULL,NULL,NULL,'2023-08-31 06:59:18',0,'2023-08-31 06:59:18',0,NULL),(148,362,141,2,NULL,NULL,NULL,1,NULL,NULL,NULL,'2023-08-31 06:59:18',0,'2023-08-31 06:59:18',0,NULL),(149,362,148,0,1,'m2',6,1,NULL,NULL,NULL,'2023-08-31 06:59:18',0,'2023-08-31 06:59:18',0,NULL),(150,64,0,4,NULL,NULL,NULL,1,NULL,NULL,NULL,'2023-08-31 06:59:18',0,'2023-08-31 06:59:18',0,NULL),(151,363,150,0,NULL,NULL,NULL,1,NULL,NULL,NULL,'2023-08-31 06:59:18',0,'2023-08-31 06:59:18',0,NULL),(152,364,151,0,1,'m2',6,1,NULL,NULL,NULL,'2023-08-31 06:59:18',0,'2023-08-31 06:59:18',0,NULL),(153,365,151,1,1,'m2',6,1,NULL,NULL,NULL,'2023-08-31 06:59:18',0,'2023-08-31 06:59:18',0,NULL),(154,366,151,2,1,'m2',6,1,NULL,NULL,NULL,'2023-08-31 06:59:19',0,'2023-08-31 06:59:19',0,NULL),(155,367,151,3,1,'fft',6,1,NULL,NULL,NULL,'2023-08-31 06:59:19',0,'2023-08-31 06:59:19',0,NULL),(156,237,150,1,NULL,NULL,NULL,1,NULL,NULL,NULL,'2023-08-31 06:59:19',0,'2023-08-31 06:59:19',0,NULL),(157,368,156,0,1,'m2',6,1,NULL,NULL,NULL,'2023-08-31 06:59:19',0,'2023-08-31 06:59:19',0,NULL),(158,369,0,5,NULL,NULL,NULL,1,NULL,NULL,NULL,'2023-08-31 06:59:19',0,'2023-08-31 06:59:19',0,NULL),(159,370,158,0,NULL,NULL,NULL,1,NULL,NULL,NULL,'2023-08-31 06:59:19',0,'2023-08-31 06:59:19',0,NULL),(160,371,159,0,NULL,NULL,NULL,1,NULL,NULL,NULL,'2023-08-31 06:59:19',0,'2023-08-31 06:59:19',0,NULL),(161,372,160,0,1,'pce',6,1,NULL,NULL,NULL,'2023-08-31 06:59:19',0,'2023-08-31 06:59:19',0,NULL),(162,373,160,1,1,'pce',6,1,NULL,NULL,NULL,'2023-08-31 06:59:19',0,'2023-08-31 06:59:19',0,NULL),(163,374,160,2,1,'pce',6,1,NULL,NULL,NULL,'2023-08-31 06:59:19',0,'2023-08-31 06:59:19',0,NULL),(164,23,158,1,NULL,NULL,NULL,1,NULL,NULL,NULL,'2023-08-31 06:59:19',0,'2023-08-31 06:59:19',0,NULL),(165,375,164,0,NULL,NULL,NULL,1,NULL,NULL,NULL,'2023-08-31 06:59:19',0,'2023-08-31 06:59:19',0,NULL),(166,372,165,0,1,'pce',6,1,NULL,NULL,NULL,'2023-08-31 06:59:19',0,'2023-08-31 06:59:19',0,NULL),(167,373,165,1,1,'pce',6,1,NULL,NULL,NULL,'2023-08-31 06:59:19',0,'2023-08-31 06:59:19',0,NULL),(168,374,165,2,1,'pce',6,1,NULL,NULL,NULL,'2023-08-31 06:59:19',0,'2023-08-31 06:59:19',0,NULL),(169,376,158,2,NULL,NULL,NULL,1,NULL,NULL,NULL,'2023-08-31 06:59:19',0,'2023-08-31 06:59:19',0,NULL),(170,377,169,0,NULL,NULL,NULL,1,NULL,NULL,NULL,'2023-08-31 06:59:19',0,'2023-08-31 06:59:19',0,NULL),(171,378,170,0,1,'pce',6,1,NULL,NULL,NULL,'2023-08-31 06:59:19',0,'2023-08-31 06:59:19',0,NULL),(172,379,170,1,1,'pce',6,1,NULL,NULL,NULL,'2023-08-31 06:59:20',0,'2023-08-31 06:59:20',0,NULL),(173,380,170,2,1,'pce',6,1,NULL,NULL,NULL,'2023-08-31 06:59:20',0,'2023-08-31 06:59:20',0,NULL),(174,381,158,3,NULL,NULL,NULL,1,NULL,NULL,NULL,'2023-08-31 06:59:20',0,'2023-08-31 06:59:20',0,NULL),(175,377,174,0,NULL,NULL,NULL,1,NULL,NULL,NULL,'2023-08-31 06:59:20',0,'2023-08-31 06:59:20',0,NULL),(176,378,175,0,1,'pce',6,1,NULL,NULL,NULL,'2023-08-31 06:59:20',0,'2023-08-31 06:59:20',0,NULL),(177,379,175,1,1,'pce',6,1,NULL,NULL,NULL,'2023-08-31 06:59:20',0,'2023-08-31 06:59:20',0,NULL),(178,380,175,2,1,'pce',6,1,NULL,NULL,NULL,'2023-08-31 06:59:20',0,'2023-08-31 06:59:20',0,NULL),(179,382,158,4,NULL,NULL,NULL,1,NULL,NULL,NULL,'2023-08-31 06:59:20',0,'2023-08-31 06:59:20',0,NULL),(180,377,179,0,NULL,NULL,NULL,1,NULL,NULL,NULL,'2023-08-31 06:59:20',0,'2023-08-31 06:59:20',0,NULL),(181,378,180,0,1,'pce',6,1,NULL,NULL,NULL,'2023-08-31 06:59:20',0,'2023-08-31 06:59:20',0,NULL),(182,379,180,1,1,'pce',6,1,NULL,NULL,NULL,'2023-08-31 06:59:21',0,'2023-08-31 06:59:21',0,NULL),(183,380,180,2,1,'pce',6,1,NULL,NULL,NULL,'2023-08-31 06:59:21',0,'2023-08-31 06:59:21',0,NULL),(184,383,158,5,NULL,NULL,NULL,1,NULL,NULL,NULL,'2023-08-31 06:59:21',0,'2023-08-31 06:59:21',0,NULL),(185,384,184,0,1,'m2',6,1,NULL,NULL,NULL,'2023-08-31 06:59:21',0,'2023-08-31 06:59:21',0,NULL),(186,385,184,1,1,'pce',6,1,NULL,NULL,NULL,'2023-08-31 06:59:21',0,'2023-08-31 06:59:21',0,NULL),(187,386,184,2,1,'pce',6,1,NULL,NULL,NULL,'2023-08-31 06:59:21',0,'2023-08-31 06:59:21',0,NULL),(188,303,158,6,NULL,NULL,NULL,1,NULL,NULL,NULL,'2023-08-31 06:59:21',0,'2023-08-31 06:59:21',0,NULL),(189,387,188,0,1,'pce',6,1,NULL,NULL,NULL,'2023-08-31 06:59:21',0,'2023-08-31 06:59:21',0,NULL),(190,388,188,1,1,'pce',6,1,NULL,NULL,NULL,'2023-08-31 06:59:21',0,'2023-08-31 06:59:21',0,NULL),(191,389,188,2,1,'mct',6,1,NULL,NULL,NULL,'2023-08-31 06:59:21',0,'2023-08-31 06:59:21',0,NULL),(192,390,158,7,NULL,NULL,NULL,1,NULL,NULL,NULL,'2023-08-31 06:59:22',0,'2023-08-31 06:59:22',0,NULL),(193,391,192,0,1,'pce',6,1,NULL,NULL,NULL,'2023-08-31 06:59:22',0,'2023-08-31 06:59:22',0,NULL),(194,392,192,1,NULL,NULL,NULL,1,NULL,NULL,NULL,'2023-08-31 06:59:22',0,'2023-08-31 06:59:22',0,NULL),(195,393,194,0,1,'pce',6,1,NULL,NULL,NULL,'2023-08-31 06:59:22',0,'2023-08-31 06:59:22',0,NULL),(196,394,194,1,1,'pce',6,1,NULL,NULL,NULL,'2023-08-31 06:59:22',0,'2023-08-31 06:59:22',0,NULL),(197,395,194,2,1,'pce',6,1,NULL,NULL,NULL,'2023-08-31 06:59:22',0,'2023-08-31 06:59:22',0,NULL),(198,396,194,3,1,'pce',6,1,NULL,NULL,NULL,'2023-08-31 06:59:22',0,'2023-08-31 06:59:22',0,NULL),(199,397,192,2,NULL,NULL,NULL,1,NULL,NULL,NULL,'2023-08-31 06:59:22',0,'2023-08-31 06:59:22',0,NULL),(200,393,199,0,1,'pce',6,1,NULL,NULL,NULL,'2023-08-31 06:59:22',0,'2023-08-31 06:59:22',0,NULL),(201,394,199,1,1,'pce',6,1,NULL,NULL,NULL,'2023-08-31 06:59:22',0,'2023-08-31 06:59:22',0,NULL),(202,395,199,2,1,'pce',6,1,NULL,NULL,NULL,'2023-08-31 06:59:23',0,'2023-08-31 06:59:23',0,NULL),(203,396,199,3,1,'pce',6,1,NULL,NULL,NULL,'2023-08-31 06:59:23',0,'2023-08-31 06:59:23',0,NULL),(204,231,0,6,NULL,NULL,NULL,1,NULL,NULL,NULL,'2023-08-31 06:59:23',0,'2023-08-31 06:59:23',0,NULL),(205,398,204,0,NULL,NULL,NULL,1,NULL,NULL,NULL,'2023-08-31 06:59:23',0,'2023-08-31 06:59:23',0,NULL),(206,399,205,0,NULL,NULL,NULL,1,NULL,NULL,NULL,'2023-08-31 06:59:23',0,'2023-08-31 06:59:23',0,NULL),(207,400,206,0,1,'fft',6,1,NULL,NULL,NULL,'2023-08-31 06:59:23',0,'2023-08-31 06:59:23',0,NULL),(208,401,205,1,NULL,NULL,NULL,1,NULL,NULL,NULL,'2023-08-31 06:59:23',0,'2023-08-31 06:59:23',0,NULL),(209,400,208,0,1,'fft',6,1,NULL,NULL,NULL,'2023-08-31 06:59:23',0,'2023-08-31 06:59:23',0,NULL),(210,402,205,2,NULL,NULL,NULL,1,NULL,NULL,NULL,'2023-08-31 06:59:23',0,'2023-08-31 06:59:23',0,NULL),(211,400,210,0,1,'fft',6,1,NULL,NULL,NULL,'2023-08-31 06:59:23',0,'2023-08-31 06:59:23',0,NULL),(212,403,205,3,NULL,NULL,NULL,1,NULL,NULL,NULL,'2023-08-31 06:59:24',0,'2023-08-31 06:59:24',0,NULL),(213,400,212,0,1,'fft',6,1,NULL,NULL,NULL,'2023-08-31 06:59:24',0,'2023-08-31 06:59:24',0,NULL),(214,404,205,4,NULL,NULL,NULL,1,NULL,NULL,NULL,'2023-08-31 06:59:24',0,'2023-08-31 06:59:24',0,NULL),(215,400,214,0,1,'fft',6,1,NULL,NULL,NULL,'2023-08-31 06:59:24',0,'2023-08-31 06:59:24',0,NULL);
/*!40000 ALTER TABLE `tesorus_road_calculator` ENABLE KEYS */;
UNLOCK TABLES;

--
-- Table structure for table `tesorus_road_calculator_group`
--

DROP TABLE IF EXISTS `tesorus_road_calculator_group`;
/*!40101 SET @saved_cs_client     = @@character_set_client */;
/*!40101 SET character_set_client = utf8 */;
CREATE TABLE `tesorus_road_calculator_group` (
  `id_group` int(11) NOT NULL AUTO_INCREMENT,
  `isActive` tinyint(4) NOT NULL DEFAULT 1,
  `label_fr` varchar(255) NOT NULL,
  `measure` varchar(255) DEFAULT NULL,
  `id_road_parent` int(11) NOT NULL,
  `ids_road_children` text DEFAULT NULL,
  `rank` int(11) DEFAULT NULL,
  `annotation_fr` varchar(255) DEFAULT NULL,
  `annotation_nl` varchar(255) DEFAULT NULL,
  `updated_at` timestamp NOT NULL DEFAULT current_timestamp() ON UPDATE current_timestamp(),
  `updated_by` int(11) NOT NULL,
  `created_at` timestamp NOT NULL DEFAULT current_timestamp(),
  `created_by` int(11) NOT NULL,
  `comment` text DEFAULT NULL,
  PRIMARY KEY (`id_group`)
) ENGINE=InnoDB AUTO_INCREMENT=49 DEFAULT CHARSET=utf8mb3;
/*!40101 SET character_set_client = @saved_cs_client */;

--
-- Dumping data for table `tesorus_road_calculator_group`
--

LOCK TABLES `tesorus_road_calculator_group` WRITE;
/*!40000 ALTER TABLE `tesorus_road_calculator_group` DISABLE KEYS */;
INSERT INTO `tesorus_road_calculator_group` VALUES (1,1,'Isolation par l\'extérieur + étanchéité','m2',2,'[5,6]',0,NULL,NULL,'2023-08-31 07:13:39',0,'2023-08-31 07:13:39',0,NULL),(2,1,'Isolation par l\'extérieur + étanchéité + pare-vapeur',NULL,2,'[3,4,5,6]',1,NULL,NULL,'2023-08-31 06:59:26',0,'2023-08-31 06:59:26',0,NULL),(3,1,'Remplacement de l\'étanchéité','m2',2,'[3,6]',2,NULL,NULL,'2023-08-31 07:13:39',0,'2023-08-31 07:13:39',0,NULL),(4,1,'Accessoires de toiture',NULL,2,'[8,9,11,12,13,14]',3,NULL,NULL,'2023-08-31 06:59:32',0,'2023-08-31 06:59:32',0,NULL),(5,1,'Isolation par l\'extérieur','m2',15,'[16,17,21]',0,NULL,NULL,'2023-08-31 07:13:39',0,'2023-08-31 07:13:39',0,NULL),(6,1,'Isolation par l\'intérieur SANS remplacement de la sous-toiture','m2',15,'[17,23,24]',1,NULL,NULL,'2023-08-31 07:13:39',0,'2023-08-31 07:13:39',0,NULL),(7,1,'Isolation par l\'intérieur AVEC remplacement de la sous-toiture','m2',15,'[16,17,23,21,24]',2,NULL,NULL,'2023-08-31 07:13:39',0,'2023-08-31 07:13:39',0,NULL),(8,1,'Remplacement de la couverture + sous-toiture','m2',15,'[16]',3,NULL,NULL,'2023-08-31 07:13:39',0,'2023-08-31 07:13:39',0,NULL),(9,1,'Remplacement complet de la corniche','mct',27,'[28,29,30,31,32]',0,NULL,NULL,'2023-08-31 07:13:39',0,'2023-08-31 07:13:39',0,NULL),(10,1,'Etanchéité de la corniche + habillage','mct',27,'[29,31,32]',1,NULL,NULL,'2023-08-31 07:13:39',0,'2023-08-31 07:13:39',0,NULL),(11,1,'Remplacement vélux','m2',27,'[33,34]',2,NULL,NULL,'2023-08-31 07:13:39',0,'2023-08-31 07:13:39',0,NULL),(12,1,'Fenêtres/portes-fenêtres oscillo battantes','m2',36,'[39,40,41,43,44,45,47,48,49,51,52,53]',0,NULL,NULL,'2023-08-31 07:13:39',0,'2023-08-31 07:13:39',0,NULL),(13,1,'Portes-fenêtres coulissantes','m2',36,'[56,57,58,60,61,62,64,65,66,68,69,70]',1,NULL,NULL,'2023-08-31 07:13:39',0,'2023-08-31 07:13:39',0,NULL),(14,1,'Porte d\'entrée','m2',71,'[74,75,76,78,79,80,82,83,84]',0,NULL,NULL,'2023-08-31 07:13:39',0,'2023-08-31 07:13:39',0,NULL),(15,1,'Isolation par l\'intérieur','m2',86,'[89,90,91,92,93]',0,NULL,NULL,'2023-08-31 07:13:40',0,'2023-08-31 07:13:40',0,NULL),(16,1,'Isolation par l\'extérieur','m2',86,'[97,98,99,100,104,105]',1,NULL,NULL,'2023-08-31 07:13:40',0,'2023-08-31 07:13:40',0,NULL),(17,1,'Enduisage','m2',106,'[108,109,110,111]',0,NULL,NULL,'2023-08-31 07:13:40',0,'2023-08-31 07:13:40',0,NULL),(18,1,'Bardage','m2',106,'[113,114,115]',1,NULL,NULL,'2023-08-31 07:13:40',0,'2023-08-31 07:13:40',0,NULL),(19,1,'Hydrofugation','m2',106,'[117]',2,NULL,NULL,'2023-08-31 07:13:40',0,'2023-08-31 07:13:40',0,NULL),(20,1,'Rejointoyage','m2',106,'[119]',3,NULL,NULL,'2023-08-31 07:13:40',0,'2023-08-31 07:13:40',0,NULL),(21,1,'Nouveau seuils','mct',120,'[122,123]',0,NULL,NULL,'2023-08-31 07:13:40',0,'2023-08-31 07:13:40',0,NULL),(22,1,'Isolation d\'une dalle de sol sur terre plein','m2',125,'[127,128,129,130,131,133,134]',0,NULL,NULL,'2023-08-31 07:13:40',0,'2023-08-31 07:13:40',0,NULL),(23,1,'Isolation d\'un plancher + parquet','m2',125,'[137,138,139,140]',1,NULL,NULL,'2023-08-31 07:13:40',0,'2023-08-31 07:13:40',0,NULL),(24,1,'Isolation d\'un plafond de cave',NULL,125,'[137,138,145,147,148]',2,NULL,NULL,'2023-08-31 07:05:28',0,'2023-08-31 07:05:28',0,NULL),(25,1,'Installation lourde (equipements + cablages + tableaux divisionnaire)',NULL,151,NULL,0,NULL,NULL,'2023-08-31 07:05:50',0,'2023-08-31 07:05:50',0,NULL),(26,1,'Installation légère (petits équipements)',NULL,151,NULL,1,NULL,NULL,'2023-08-31 07:06:07',0,'2023-08-31 07:06:07',0,NULL),(27,1,'Remplacement compteurs électriques',NULL,151,NULL,2,NULL,NULL,'2023-08-31 07:06:24',0,'2023-08-31 07:06:24',0,NULL),(28,1,'Rapport de conformité électrique + schémas unifilaires',NULL,151,NULL,3,NULL,NULL,'2023-08-31 07:06:41',0,'2023-08-31 07:06:41',0,NULL),(29,1,'Panneaux',NULL,156,NULL,0,NULL,NULL,'2023-08-31 07:06:58',0,'2023-08-31 07:06:58',0,NULL),(30,1,'Chaudière gaz condensation','pce',159,'[161,162,163]',0,NULL,NULL,'2023-08-31 07:13:40',0,'2023-08-31 07:13:40',0,NULL),(31,1,'Air/eau','pce',164,'[166,167,168]',0,NULL,NULL,'2023-08-31 07:13:40',0,'2023-08-31 07:13:40',0,NULL),(32,1,'Gaz','pce',169,'[171,172,173]',0,NULL,NULL,'2023-08-31 07:13:40',0,'2023-08-31 07:13:40',0,NULL),(33,1,'Gaz','pce',174,'[176,177,178]',0,NULL,NULL,'2023-08-31 07:13:40',0,'2023-08-31 07:13:40',0,NULL),(34,1,'Gaz','pce',179,'[181,182,183]',0,NULL,NULL,'2023-08-31 07:13:40',0,'2023-08-31 07:13:40',0,NULL),(35,1,'Chauffage sol',NULL,184,NULL,0,NULL,NULL,'2023-08-31 07:08:59',0,'2023-08-31 07:08:59',0,NULL),(36,1,'Radiateur + canalisation',NULL,184,NULL,1,NULL,NULL,'2023-08-31 07:09:19',0,'2023-08-31 07:09:19',0,NULL),(37,1,'Radiateur basse température + canalisations',NULL,184,NULL,2,NULL,NULL,'2023-08-31 07:09:41',0,'2023-08-31 07:09:41',0,NULL),(38,1,'Vannes thermostatiques',NULL,188,NULL,0,NULL,NULL,'2023-08-31 07:10:00',0,'2023-08-31 07:10:00',0,NULL),(39,1,'Thermostat',NULL,188,NULL,1,NULL,NULL,'2023-08-31 07:10:21',0,'2023-08-31 07:10:21',0,NULL),(40,1,'Tubage',NULL,188,NULL,2,NULL,NULL,'2023-08-31 07:10:40',0,'2023-08-31 07:10:40',0,NULL),(41,1,'Extracteur individuel',NULL,192,NULL,0,NULL,NULL,'2023-08-31 07:11:01',0,'2023-08-31 07:11:01',0,NULL),(42,1,'VMC simple flux','pce',192,'[195,196,197,198]',1,NULL,NULL,'2023-08-31 07:13:40',0,'2023-08-31 07:13:40',0,NULL),(43,1,'VMC double flux','pce',192,'[195,196,197,198]',2,NULL,NULL,'2023-08-31 07:13:40',0,'2023-08-31 07:13:40',0,NULL),(44,1,'Lavabo','fft',205,'[207,207]',0,NULL,NULL,'2023-08-31 07:13:40',0,'2023-08-31 07:13:40',0,NULL),(45,1,'Douche','fft',205,'[207,207]',1,NULL,NULL,'2023-08-31 07:13:40',0,'2023-08-31 07:13:40',0,NULL),(46,1,'Baignoire','fft',205,'[207,207]',2,NULL,NULL,'2023-08-31 07:13:40',0,'2023-08-31 07:13:40',0,NULL),(47,1,'WC sur pied','fft',205,'[207,207]',3,NULL,NULL,'2023-08-31 07:13:40',0,'2023-08-31 07:13:40',0,NULL),(48,1,'WC suspendu','fft',205,'[207,207]',4,NULL,NULL,'2023-08-31 07:13:40',0,'2023-08-31 07:13:40',0,NULL);
/*!40000 ALTER TABLE `tesorus_road_calculator_group` ENABLE KEYS */;
UNLOCK TABLES;

--
-- Table structure for table `tesorus_road_calculator_price`
--

DROP TABLE IF EXISTS `tesorus_road_calculator_price`;
/*!40101 SET @saved_cs_client     = @@character_set_client */;
/*!40101 SET character_set_client = utf8 */;
CREATE TABLE `tesorus_road_calculator_price` (
  `id_price` int(11) NOT NULL AUTO_INCREMENT,
  `id_road` int(11) NOT NULL,
  `unit_price` float NOT NULL,
  `date_devis` timestamp NULL DEFAULT NULL,
  `price_origin` int(11) DEFAULT NULL,
  `is_ignored` tinyint(4) DEFAULT NULL,
  `comment` text DEFAULT NULL,
  `updated_at` timestamp NOT NULL DEFAULT current_timestamp() ON UPDATE current_timestamp(),
  `updated_by` int(11) NOT NULL,
  `created_at` timestamp NOT NULL DEFAULT current_timestamp(),
  `created_by` int(11) NOT NULL,
  `validity_month` int(11) DEFAULT NULL,
  PRIMARY KEY (`id_price`)
) ENGINE=InnoDB AUTO_INCREMENT=1324 DEFAULT CHARSET=utf8mb3;
/*!40101 SET character_set_client = @saved_cs_client */;

--
-- Dumping data for table `tesorus_road_calculator_price`
--

LOCK TABLES `tesorus_road_calculator_price` WRITE;
/*!40000 ALTER TABLE `tesorus_road_calculator_price` DISABLE KEYS */;
INSERT INTO `tesorus_road_calculator_price` VALUES (1,3,30,'2021-12-31 23:00:00',NULL,NULL,NULL,'2023-08-31 06:59:08',0,'2023-08-31 06:59:08',0,NULL),(2,3,33,'2021-12-31 23:00:00',NULL,NULL,NULL,'2023-08-31 06:59:08',0,'2023-08-31 06:59:08',0,NULL),(3,3,41,'2021-12-31 23:00:00',NULL,NULL,NULL,'2023-08-31 06:59:08',0,'2023-08-31 06:59:08',0,NULL),(4,3,37,'2022-01-31 23:00:00',NULL,NULL,NULL,'2023-08-31 06:59:08',0,'2023-08-31 06:59:08',0,NULL),(5,3,41,'2022-01-31 23:00:00',NULL,NULL,NULL,'2023-08-31 06:59:08',0,'2023-08-31 06:59:08',0,NULL),(6,3,51,'2022-01-31 23:00:00',NULL,NULL,NULL,'2023-08-31 06:59:08',0,'2023-08-31 06:59:08',0,NULL),(7,3,36,'2022-02-28 23:00:00',NULL,NULL,NULL,'2023-08-31 06:59:08',0,'2023-08-31 06:59:08',0,NULL),(8,3,39,'2022-02-28 23:00:00',NULL,NULL,NULL,'2023-08-31 06:59:08',0,'2023-08-31 06:59:08',0,NULL),(9,3,49,'2022-02-28 23:00:00',NULL,NULL,NULL,'2023-08-31 06:59:08',0,'2023-08-31 06:59:08',0,NULL),(10,4,70,'2021-12-31 23:00:00',NULL,NULL,NULL,'2023-08-31 06:59:08',0,'2023-08-31 06:59:08',0,NULL),(11,4,77,'2021-12-31 23:00:00',NULL,NULL,NULL,'2023-08-31 06:59:08',0,'2023-08-31 06:59:08',0,NULL),(12,4,96,'2021-12-31 23:00:00',NULL,NULL,NULL,'2023-08-31 06:59:08',0,'2023-08-31 06:59:08',0,NULL),(13,4,87,'2022-01-31 23:00:00',NULL,NULL,NULL,'2023-08-31 06:59:08',0,'2023-08-31 06:59:08',0,NULL),(14,4,95,'2022-01-31 23:00:00',NULL,NULL,NULL,'2023-08-31 06:59:08',0,'2023-08-31 06:59:08',0,NULL),(15,4,119,'2022-01-31 23:00:00',NULL,NULL,NULL,'2023-08-31 06:59:08',0,'2023-08-31 06:59:08',0,NULL),(16,4,83,'2022-02-28 23:00:00',NULL,NULL,NULL,'2023-08-31 06:59:08',0,'2023-08-31 06:59:08',0,NULL),(17,4,92,'2022-02-28 23:00:00',NULL,NULL,NULL,'2023-08-31 06:59:08',0,'2023-08-31 06:59:08',0,NULL),(18,4,115,'2022-02-28 23:00:00',NULL,NULL,NULL,'2023-08-31 06:59:08',0,'2023-08-31 06:59:08',0,NULL),(19,5,90,'2021-12-31 23:00:00',NULL,NULL,NULL,'2023-08-31 06:59:08',0,'2023-08-31 06:59:08',0,NULL),(20,5,99,'2021-12-31 23:00:00',NULL,NULL,NULL,'2023-08-31 06:59:08',0,'2023-08-31 06:59:08',0,NULL),(21,5,124,'2021-12-31 23:00:00',NULL,NULL,NULL,'2023-08-31 06:59:08',0,'2023-08-31 06:59:08',0,NULL),(22,5,111,'2022-01-31 23:00:00',NULL,NULL,NULL,'2023-08-31 06:59:08',0,'2023-08-31 06:59:08',0,NULL),(23,5,123,'2022-01-31 23:00:00',NULL,NULL,NULL,'2023-08-31 06:59:08',0,'2023-08-31 06:59:08',0,NULL),(24,5,153,'2022-01-31 23:00:00',NULL,NULL,NULL,'2023-08-31 06:59:08',0,'2023-08-31 06:59:08',0,NULL),(25,5,107,'2022-02-28 23:00:00',NULL,NULL,NULL,'2023-08-31 06:59:08',0,'2023-08-31 06:59:08',0,NULL),(26,5,118,'2022-02-28 23:00:00',NULL,NULL,NULL,'2023-08-31 06:59:08',0,'2023-08-31 06:59:08',0,NULL),(27,5,147,'2022-02-28 23:00:00',NULL,NULL,NULL,'2023-08-31 06:59:08',0,'2023-08-31 06:59:08',0,NULL),(28,6,90,'2021-12-31 23:00:00',NULL,NULL,NULL,'2023-08-31 06:59:08',0,'2023-08-31 06:59:08',0,NULL),(29,6,99,'2021-12-31 23:00:00',NULL,NULL,NULL,'2023-08-31 06:59:08',0,'2023-08-31 06:59:08',0,NULL),(30,6,124,'2021-12-31 23:00:00',NULL,NULL,NULL,'2023-08-31 06:59:08',0,'2023-08-31 06:59:08',0,NULL),(31,6,111,'2022-01-31 23:00:00',NULL,NULL,NULL,'2023-08-31 06:59:08',0,'2023-08-31 06:59:08',0,NULL),(32,6,123,'2022-01-31 23:00:00',NULL,NULL,NULL,'2023-08-31 06:59:08',0,'2023-08-31 06:59:08',0,NULL),(33,6,153,'2022-01-31 23:00:00',NULL,NULL,NULL,'2023-08-31 06:59:08',0,'2023-08-31 06:59:08',0,NULL),(34,6,107,'2022-02-28 23:00:00',NULL,NULL,NULL,'2023-08-31 06:59:08',0,'2023-08-31 06:59:08',0,NULL),(35,6,118,'2022-02-28 23:00:00',NULL,NULL,NULL,'2023-08-31 06:59:08',0,'2023-08-31 06:59:08',0,NULL),(36,6,147,'2022-02-28 23:00:00',NULL,NULL,NULL,'2023-08-31 06:59:08',0,'2023-08-31 06:59:08',0,NULL),(37,8,250,'2021-12-31 23:00:00',NULL,NULL,NULL,'2023-08-31 06:59:08',0,'2023-08-31 06:59:08',0,NULL),(38,8,275,'2021-12-31 23:00:00',NULL,NULL,NULL,'2023-08-31 06:59:08',0,'2023-08-31 06:59:08',0,NULL),(39,8,344,'2021-12-31 23:00:00',NULL,NULL,NULL,'2023-08-31 06:59:08',0,'2023-08-31 06:59:08',0,NULL),(40,8,309,'2022-01-31 23:00:00',NULL,NULL,NULL,'2023-08-31 06:59:08',0,'2023-08-31 06:59:08',0,NULL),(41,8,340,'2022-01-31 23:00:00',NULL,NULL,NULL,'2023-08-31 06:59:08',0,'2023-08-31 06:59:08',0,NULL),(42,8,425,'2022-01-31 23:00:00',NULL,NULL,NULL,'2023-08-31 06:59:08',0,'2023-08-31 06:59:08',0,NULL),(43,8,298,'2022-02-28 23:00:00',NULL,NULL,NULL,'2023-08-31 06:59:08',0,'2023-08-31 06:59:08',0,NULL),(44,8,328,'2022-02-28 23:00:00',NULL,NULL,NULL,'2023-08-31 06:59:08',0,'2023-08-31 06:59:08',0,NULL),(45,8,409,'2022-02-28 23:00:00',NULL,NULL,NULL,'2023-08-31 06:59:08',0,'2023-08-31 06:59:08',0,NULL),(46,9,300,'2021-12-31 23:00:00',NULL,NULL,NULL,'2023-08-31 06:59:08',0,'2023-08-31 06:59:08',0,NULL),(47,9,330,'2021-12-31 23:00:00',NULL,NULL,NULL,'2023-08-31 06:59:08',0,'2023-08-31 06:59:08',0,NULL),(48,9,413,'2021-12-31 23:00:00',NULL,NULL,NULL,'2023-08-31 06:59:08',0,'2023-08-31 06:59:08',0,NULL),(49,9,371,'2022-01-31 23:00:00',NULL,NULL,NULL,'2023-08-31 06:59:08',0,'2023-08-31 06:59:08',0,NULL),(50,9,408,'2022-01-31 23:00:00',NULL,NULL,NULL,'2023-08-31 06:59:08',0,'2023-08-31 06:59:08',0,NULL),(51,9,510,'2022-01-31 23:00:00',NULL,NULL,NULL,'2023-08-31 06:59:08',0,'2023-08-31 06:59:08',0,NULL),(52,9,357,'2022-02-28 23:00:00',NULL,NULL,NULL,'2023-08-31 06:59:08',0,'2023-08-31 06:59:08',0,NULL),(53,9,393,'2022-02-28 23:00:00',NULL,NULL,NULL,'2023-08-31 06:59:08',0,'2023-08-31 06:59:08',0,NULL),(54,9,491,'2022-02-28 23:00:00',NULL,NULL,NULL,'2023-08-31 06:59:08',0,'2023-08-31 06:59:08',0,NULL),(55,11,400,'2021-12-31 23:00:00',NULL,NULL,NULL,'2023-08-31 06:59:08',0,'2023-08-31 06:59:08',0,NULL),(56,11,440,'2021-12-31 23:00:00',NULL,NULL,NULL,'2023-08-31 06:59:08',0,'2023-08-31 06:59:08',0,NULL),(57,11,550,'2021-12-31 23:00:00',NULL,NULL,NULL,'2023-08-31 06:59:08',0,'2023-08-31 06:59:08',0,NULL),(58,11,495,'2022-01-31 23:00:00',NULL,NULL,NULL,'2023-08-31 06:59:08',0,'2023-08-31 06:59:08',0,NULL),(59,11,545,'2022-01-31 23:00:00',NULL,NULL,NULL,'2023-08-31 06:59:08',0,'2023-08-31 06:59:08',0,NULL),(60,11,681,'2022-01-31 23:00:00',NULL,NULL,NULL,'2023-08-31 06:59:08',0,'2023-08-31 06:59:08',0,NULL),(61,11,476,'2022-02-28 23:00:00',NULL,NULL,NULL,'2023-08-31 06:59:08',0,'2023-08-31 06:59:08',0,NULL),(62,11,524,'2022-02-28 23:00:00',NULL,NULL,NULL,'2023-08-31 06:59:08',0,'2023-08-31 06:59:08',0,NULL),(63,11,655,'2022-02-28 23:00:00',NULL,NULL,NULL,'2023-08-31 06:59:08',0,'2023-08-31 06:59:08',0,NULL),(64,12,300,'2021-12-31 23:00:00',NULL,NULL,NULL,'2023-08-31 06:59:08',0,'2023-08-31 06:59:08',0,NULL),(65,12,330,'2021-12-31 23:00:00',NULL,NULL,NULL,'2023-08-31 06:59:08',0,'2023-08-31 06:59:08',0,NULL),(66,12,413,'2021-12-31 23:00:00',NULL,NULL,NULL,'2023-08-31 06:59:08',0,'2023-08-31 06:59:08',0,NULL),(67,12,371,'2022-01-31 23:00:00',NULL,NULL,NULL,'2023-08-31 06:59:08',0,'2023-08-31 06:59:08',0,NULL),(68,12,408,'2022-01-31 23:00:00',NULL,NULL,NULL,'2023-08-31 06:59:08',0,'2023-08-31 06:59:08',0,NULL),(69,12,510,'2022-01-31 23:00:00',NULL,NULL,NULL,'2023-08-31 06:59:08',0,'2023-08-31 06:59:08',0,NULL),(70,12,357,'2022-02-28 23:00:00',NULL,NULL,NULL,'2023-08-31 06:59:09',0,'2023-08-31 06:59:09',0,NULL),(71,12,393,'2022-02-28 23:00:00',NULL,NULL,NULL,'2023-08-31 06:59:09',0,'2023-08-31 06:59:09',0,NULL),(72,12,491,'2022-02-28 23:00:00',NULL,NULL,NULL,'2023-08-31 06:59:09',0,'2023-08-31 06:59:09',0,NULL),(73,13,600,'2021-12-31 23:00:00',NULL,NULL,NULL,'2023-08-31 06:59:09',0,'2023-08-31 06:59:09',0,NULL),(74,13,660,'2021-12-31 23:00:00',NULL,NULL,NULL,'2023-08-31 06:59:09',0,'2023-08-31 06:59:09',0,NULL),(75,13,825,'2021-12-31 23:00:00',NULL,NULL,NULL,'2023-08-31 06:59:09',0,'2023-08-31 06:59:09',0,NULL),(76,13,743,'2022-01-31 23:00:00',NULL,NULL,NULL,'2023-08-31 06:59:09',0,'2023-08-31 06:59:09',0,NULL),(77,13,817,'2022-01-31 23:00:00',NULL,NULL,NULL,'2023-08-31 06:59:09',0,'2023-08-31 06:59:09',0,NULL),(78,13,1.021,'2022-01-31 23:00:00',NULL,NULL,NULL,'2023-08-31 06:59:09',0,'2023-08-31 06:59:09',0,NULL),(79,13,715,'2022-02-28 23:00:00',NULL,NULL,NULL,'2023-08-31 06:59:09',0,'2023-08-31 06:59:09',0,NULL),(80,13,786,'2022-02-28 23:00:00',NULL,NULL,NULL,'2023-08-31 06:59:09',0,'2023-08-31 06:59:09',0,NULL),(81,13,983,'2022-02-28 23:00:00',NULL,NULL,NULL,'2023-08-31 06:59:09',0,'2023-08-31 06:59:09',0,NULL),(82,14,900,'2021-12-31 23:00:00',NULL,NULL,NULL,'2023-08-31 06:59:09',0,'2023-08-31 06:59:09',0,NULL),(83,14,990,'2021-12-31 23:00:00',NULL,NULL,NULL,'2023-08-31 06:59:09',0,'2023-08-31 06:59:09',0,NULL),(84,14,1.238,'2021-12-31 23:00:00',NULL,NULL,NULL,'2023-08-31 06:59:09',0,'2023-08-31 06:59:09',0,NULL),(85,14,1.114,'2022-01-31 23:00:00',NULL,NULL,NULL,'2023-08-31 06:59:09',0,'2023-08-31 06:59:09',0,NULL),(86,14,1.225,'2022-01-31 23:00:00',NULL,NULL,NULL,'2023-08-31 06:59:09',0,'2023-08-31 06:59:09',0,NULL),(87,14,1.531,'2022-01-31 23:00:00',NULL,NULL,NULL,'2023-08-31 06:59:09',0,'2023-08-31 06:59:09',0,NULL),(88,14,1.072,'2022-02-28 23:00:00',NULL,NULL,NULL,'2023-08-31 06:59:09',0,'2023-08-31 06:59:09',0,NULL),(89,14,1.179,'2022-02-28 23:00:00',NULL,NULL,NULL,'2023-08-31 06:59:09',0,'2023-08-31 06:59:09',0,NULL),(90,14,1.474,'2022-02-28 23:00:00',NULL,NULL,NULL,'2023-08-31 06:59:09',0,'2023-08-31 06:59:09',0,NULL),(91,16,50,'2021-12-31 23:00:00',NULL,NULL,NULL,'2023-08-31 06:59:09',0,'2023-08-31 06:59:09',0,NULL),(92,16,55,'2021-12-31 23:00:00',NULL,NULL,NULL,'2023-08-31 06:59:09',0,'2023-08-31 06:59:09',0,NULL),(93,16,69,'2021-12-31 23:00:00',NULL,NULL,NULL,'2023-08-31 06:59:09',0,'2023-08-31 06:59:09',0,NULL),(94,16,62,'2022-01-31 23:00:00',NULL,NULL,NULL,'2023-08-31 06:59:09',0,'2023-08-31 06:59:09',0,NULL),(95,16,68,'2022-01-31 23:00:00',NULL,NULL,NULL,'2023-08-31 06:59:09',0,'2023-08-31 06:59:09',0,NULL),(96,16,85,'2022-01-31 23:00:00',NULL,NULL,NULL,'2023-08-31 06:59:09',0,'2023-08-31 06:59:09',0,NULL),(97,16,60,'2022-02-28 23:00:00',NULL,NULL,NULL,'2023-08-31 06:59:09',0,'2023-08-31 06:59:09',0,NULL),(98,16,66,'2022-02-28 23:00:00',NULL,NULL,NULL,'2023-08-31 06:59:09',0,'2023-08-31 06:59:09',0,NULL),(99,16,82,'2022-02-28 23:00:00',NULL,NULL,NULL,'2023-08-31 06:59:09',0,'2023-08-31 06:59:09',0,NULL),(100,17,40,'2021-12-31 23:00:00',NULL,NULL,NULL,'2023-08-31 06:59:09',0,'2023-08-31 06:59:09',0,NULL),(101,17,44,'2021-12-31 23:00:00',NULL,NULL,NULL,'2023-08-31 06:59:09',0,'2023-08-31 06:59:09',0,NULL),(102,17,55,'2021-12-31 23:00:00',NULL,NULL,NULL,'2023-08-31 06:59:09',0,'2023-08-31 06:59:09',0,NULL),(103,17,50,'2022-01-31 23:00:00',NULL,NULL,NULL,'2023-08-31 06:59:09',0,'2023-08-31 06:59:09',0,NULL),(104,17,54,'2022-01-31 23:00:00',NULL,NULL,NULL,'2023-08-31 06:59:09',0,'2023-08-31 06:59:09',0,NULL),(105,17,68,'2022-01-31 23:00:00',NULL,NULL,NULL,'2023-08-31 06:59:09',0,'2023-08-31 06:59:09',0,NULL),(106,17,48,'2022-02-28 23:00:00',NULL,NULL,NULL,'2023-08-31 06:59:09',0,'2023-08-31 06:59:09',0,NULL),(107,17,52,'2022-02-28 23:00:00',NULL,NULL,NULL,'2023-08-31 06:59:09',0,'2023-08-31 06:59:09',0,NULL),(108,17,66,'2022-02-28 23:00:00',NULL,NULL,NULL,'2023-08-31 06:59:09',0,'2023-08-31 06:59:09',0,NULL),(109,18,100,'2021-12-31 23:00:00',NULL,NULL,NULL,'2023-08-31 06:59:09',0,'2023-08-31 06:59:09',0,NULL),(110,18,110,'2021-12-31 23:00:00',NULL,NULL,NULL,'2023-08-31 06:59:09',0,'2023-08-31 06:59:09',0,NULL),(111,18,138,'2021-12-31 23:00:00',NULL,NULL,NULL,'2023-08-31 06:59:09',0,'2023-08-31 06:59:09',0,NULL),(112,18,124,'2022-01-31 23:00:00',NULL,NULL,NULL,'2023-08-31 06:59:09',0,'2023-08-31 06:59:09',0,NULL),(113,18,136,'2022-01-31 23:00:00',NULL,NULL,NULL,'2023-08-31 06:59:09',0,'2023-08-31 06:59:09',0,NULL),(114,18,170,'2022-01-31 23:00:00',NULL,NULL,NULL,'2023-08-31 06:59:09',0,'2023-08-31 06:59:09',0,NULL),(115,18,119,'2022-02-28 23:00:00',NULL,NULL,NULL,'2023-08-31 06:59:09',0,'2023-08-31 06:59:09',0,NULL),(116,18,131,'2022-02-28 23:00:00',NULL,NULL,NULL,'2023-08-31 06:59:09',0,'2023-08-31 06:59:09',0,NULL),(117,18,164,'2022-02-28 23:00:00',NULL,NULL,NULL,'2023-08-31 06:59:09',0,'2023-08-31 06:59:09',0,NULL),(118,19,500,'2021-12-31 23:00:00',NULL,NULL,NULL,'2023-08-31 06:59:09',0,'2023-08-31 06:59:09',0,NULL),(119,19,550,'2021-12-31 23:00:00',NULL,NULL,NULL,'2023-08-31 06:59:09',0,'2023-08-31 06:59:09',0,NULL),(120,19,688,'2021-12-31 23:00:00',NULL,NULL,NULL,'2023-08-31 06:59:09',0,'2023-08-31 06:59:09',0,NULL),(121,19,619,'2022-01-31 23:00:00',NULL,NULL,NULL,'2023-08-31 06:59:09',0,'2023-08-31 06:59:09',0,NULL),(122,19,681,'2022-01-31 23:00:00',NULL,NULL,NULL,'2023-08-31 06:59:09',0,'2023-08-31 06:59:09',0,NULL),(123,19,851,'2022-01-31 23:00:00',NULL,NULL,NULL,'2023-08-31 06:59:09',0,'2023-08-31 06:59:09',0,NULL),(124,19,596,'2022-02-28 23:00:00',NULL,NULL,NULL,'2023-08-31 06:59:09',0,'2023-08-31 06:59:09',0,NULL),(125,19,655,'2022-02-28 23:00:00',NULL,NULL,NULL,'2023-08-31 06:59:09',0,'2023-08-31 06:59:09',0,NULL),(126,19,819,'2022-02-28 23:00:00',NULL,NULL,NULL,'2023-08-31 06:59:09',0,'2023-08-31 06:59:09',0,NULL),(127,20,90,'2021-12-31 23:00:00',NULL,NULL,NULL,'2023-08-31 06:59:09',0,'2023-08-31 06:59:09',0,NULL),(128,20,99,'2021-12-31 23:00:00',NULL,NULL,NULL,'2023-08-31 06:59:09',0,'2023-08-31 06:59:09',0,NULL),(129,20,124,'2021-12-31 23:00:00',NULL,NULL,NULL,'2023-08-31 06:59:09',0,'2023-08-31 06:59:09',0,NULL),(130,20,111,'2022-01-31 23:00:00',NULL,NULL,NULL,'2023-08-31 06:59:09',0,'2023-08-31 06:59:09',0,NULL),(131,20,123,'2022-01-31 23:00:00',NULL,NULL,NULL,'2023-08-31 06:59:09',0,'2023-08-31 06:59:09',0,NULL),(132,20,153,'2022-01-31 23:00:00',NULL,NULL,NULL,'2023-08-31 06:59:09',0,'2023-08-31 06:59:09',0,NULL),(133,20,107,'2022-02-28 23:00:00',NULL,NULL,NULL,'2023-08-31 06:59:09',0,'2023-08-31 06:59:09',0,NULL),(134,20,118,'2022-02-28 23:00:00',NULL,NULL,NULL,'2023-08-31 06:59:09',0,'2023-08-31 06:59:09',0,NULL),(135,20,147,'2022-02-28 23:00:00',NULL,NULL,NULL,'2023-08-31 06:59:09',0,'2023-08-31 06:59:09',0,NULL),(136,21,50,'2021-12-31 23:00:00',NULL,NULL,NULL,'2023-08-31 06:59:09',0,'2023-08-31 06:59:09',0,NULL),(137,21,55,'2021-12-31 23:00:00',NULL,NULL,NULL,'2023-08-31 06:59:09',0,'2023-08-31 06:59:09',0,NULL),(138,21,69,'2021-12-31 23:00:00',NULL,NULL,NULL,'2023-08-31 06:59:09',0,'2023-08-31 06:59:09',0,NULL),(139,21,62,'2022-01-31 23:00:00',NULL,NULL,NULL,'2023-08-31 06:59:09',0,'2023-08-31 06:59:09',0,NULL),(140,21,68,'2022-01-31 23:00:00',NULL,NULL,NULL,'2023-08-31 06:59:09',0,'2023-08-31 06:59:09',0,NULL),(141,21,85,'2022-01-31 23:00:00',NULL,NULL,NULL,'2023-08-31 06:59:09',0,'2023-08-31 06:59:09',0,NULL),(142,21,60,'2022-02-28 23:00:00',NULL,NULL,NULL,'2023-08-31 06:59:09',0,'2023-08-31 06:59:09',0,NULL),(143,21,66,'2022-02-28 23:00:00',NULL,NULL,NULL,'2023-08-31 06:59:09',0,'2023-08-31 06:59:09',0,NULL),(144,21,82,'2022-02-28 23:00:00',NULL,NULL,NULL,'2023-08-31 06:59:09',0,'2023-08-31 06:59:09',0,NULL),(145,22,90,'2021-12-31 23:00:00',NULL,NULL,NULL,'2023-08-31 06:59:09',0,'2023-08-31 06:59:09',0,NULL),(146,22,99,'2021-12-31 23:00:00',NULL,NULL,NULL,'2023-08-31 06:59:09',0,'2023-08-31 06:59:09',0,NULL),(147,22,124,'2021-12-31 23:00:00',NULL,NULL,NULL,'2023-08-31 06:59:09',0,'2023-08-31 06:59:09',0,NULL),(148,22,111,'2022-01-31 23:00:00',NULL,NULL,NULL,'2023-08-31 06:59:09',0,'2023-08-31 06:59:09',0,NULL),(149,22,123,'2022-01-31 23:00:00',NULL,NULL,NULL,'2023-08-31 06:59:09',0,'2023-08-31 06:59:09',0,NULL),(150,22,153,'2022-01-31 23:00:00',NULL,NULL,NULL,'2023-08-31 06:59:09',0,'2023-08-31 06:59:09',0,NULL),(151,22,107,'2022-02-28 23:00:00',NULL,NULL,NULL,'2023-08-31 06:59:09',0,'2023-08-31 06:59:09',0,NULL),(152,22,118,'2022-02-28 23:00:00',NULL,NULL,NULL,'2023-08-31 06:59:09',0,'2023-08-31 06:59:09',0,NULL),(153,22,147,'2022-02-28 23:00:00',NULL,NULL,NULL,'2023-08-31 06:59:09',0,'2023-08-31 06:59:09',0,NULL),(154,23,60,'2021-12-31 23:00:00',NULL,NULL,NULL,'2023-08-31 06:59:09',0,'2023-08-31 06:59:09',0,NULL),(155,23,66,'2021-12-31 23:00:00',NULL,NULL,NULL,'2023-08-31 06:59:09',0,'2023-08-31 06:59:09',0,NULL),(156,23,83,'2021-12-31 23:00:00',NULL,NULL,NULL,'2023-08-31 06:59:09',0,'2023-08-31 06:59:09',0,NULL),(157,23,74,'2022-01-31 23:00:00',NULL,NULL,NULL,'2023-08-31 06:59:09',0,'2023-08-31 06:59:09',0,NULL),(158,23,82,'2022-01-31 23:00:00',NULL,NULL,NULL,'2023-08-31 06:59:09',0,'2023-08-31 06:59:09',0,NULL),(159,23,102,'2022-01-31 23:00:00',NULL,NULL,NULL,'2023-08-31 06:59:09',0,'2023-08-31 06:59:09',0,NULL),(160,23,71,'2022-02-28 23:00:00',NULL,NULL,NULL,'2023-08-31 06:59:09',0,'2023-08-31 06:59:09',0,NULL),(161,23,79,'2022-02-28 23:00:00',NULL,NULL,NULL,'2023-08-31 06:59:09',0,'2023-08-31 06:59:09',0,NULL),(162,23,98,'2022-02-28 23:00:00',NULL,NULL,NULL,'2023-08-31 06:59:09',0,'2023-08-31 06:59:09',0,NULL),(163,24,100,'2021-12-31 23:00:00',NULL,NULL,NULL,'2023-08-31 06:59:09',0,'2023-08-31 06:59:09',0,NULL),(164,24,110,'2021-12-31 23:00:00',NULL,NULL,NULL,'2023-08-31 06:59:09',0,'2023-08-31 06:59:09',0,NULL),(165,24,138,'2021-12-31 23:00:00',NULL,NULL,NULL,'2023-08-31 06:59:09',0,'2023-08-31 06:59:09',0,NULL),(166,24,124,'2022-01-31 23:00:00',NULL,NULL,NULL,'2023-08-31 06:59:09',0,'2023-08-31 06:59:09',0,NULL),(167,24,136,'2022-01-31 23:00:00',NULL,NULL,NULL,'2023-08-31 06:59:10',0,'2023-08-31 06:59:10',0,NULL),(168,24,170,'2022-01-31 23:00:00',NULL,NULL,NULL,'2023-08-31 06:59:10',0,'2023-08-31 06:59:10',0,NULL),(169,24,119,'2022-02-28 23:00:00',NULL,NULL,NULL,'2023-08-31 06:59:10',0,'2023-08-31 06:59:10',0,NULL),(170,24,131,'2022-02-28 23:00:00',NULL,NULL,NULL,'2023-08-31 06:59:10',0,'2023-08-31 06:59:10',0,NULL),(171,24,164,'2022-02-28 23:00:00',NULL,NULL,NULL,'2023-08-31 06:59:10',0,'2023-08-31 06:59:10',0,NULL),(172,25,120,'2021-12-31 23:00:00',NULL,NULL,NULL,'2023-08-31 06:59:10',0,'2023-08-31 06:59:10',0,NULL),(173,25,132,'2021-12-31 23:00:00',NULL,NULL,NULL,'2023-08-31 06:59:10',0,'2023-08-31 06:59:10',0,NULL),(174,25,165,'2021-12-31 23:00:00',NULL,NULL,NULL,'2023-08-31 06:59:10',0,'2023-08-31 06:59:10',0,NULL),(175,25,149,'2022-01-31 23:00:00',NULL,NULL,NULL,'2023-08-31 06:59:10',0,'2023-08-31 06:59:10',0,NULL),(176,25,163,'2022-01-31 23:00:00',NULL,NULL,NULL,'2023-08-31 06:59:10',0,'2023-08-31 06:59:10',0,NULL),(177,25,204,'2022-01-31 23:00:00',NULL,NULL,NULL,'2023-08-31 06:59:10',0,'2023-08-31 06:59:10',0,NULL),(178,25,143,'2022-02-28 23:00:00',NULL,NULL,NULL,'2023-08-31 06:59:10',0,'2023-08-31 06:59:10',0,NULL),(179,25,157,'2022-02-28 23:00:00',NULL,NULL,NULL,'2023-08-31 06:59:10',0,'2023-08-31 06:59:10',0,NULL),(180,25,197,'2022-02-28 23:00:00',NULL,NULL,NULL,'2023-08-31 06:59:10',0,'2023-08-31 06:59:10',0,NULL),(181,26,160,'2021-12-31 23:00:00',NULL,NULL,NULL,'2023-08-31 06:59:10',0,'2023-08-31 06:59:10',0,NULL),(182,26,176,'2021-12-31 23:00:00',NULL,NULL,NULL,'2023-08-31 06:59:10',0,'2023-08-31 06:59:10',0,NULL),(183,26,220,'2021-12-31 23:00:00',NULL,NULL,NULL,'2023-08-31 06:59:10',0,'2023-08-31 06:59:10',0,NULL),(184,26,198,'2022-01-31 23:00:00',NULL,NULL,NULL,'2023-08-31 06:59:10',0,'2023-08-31 06:59:10',0,NULL),(185,26,218,'2022-01-31 23:00:00',NULL,NULL,NULL,'2023-08-31 06:59:10',0,'2023-08-31 06:59:10',0,NULL),(186,26,272,'2022-01-31 23:00:00',NULL,NULL,NULL,'2023-08-31 06:59:10',0,'2023-08-31 06:59:10',0,NULL),(187,26,191,'2022-02-28 23:00:00',NULL,NULL,NULL,'2023-08-31 06:59:10',0,'2023-08-31 06:59:10',0,NULL),(188,26,210,'2022-02-28 23:00:00',NULL,NULL,NULL,'2023-08-31 06:59:10',0,'2023-08-31 06:59:10',0,NULL),(189,26,262,'2022-02-28 23:00:00',NULL,NULL,NULL,'2023-08-31 06:59:10',0,'2023-08-31 06:59:10',0,NULL),(190,28,150,'2021-12-31 23:00:00',NULL,NULL,NULL,'2023-08-31 06:59:10',0,'2023-08-31 06:59:10',0,NULL),(191,28,165,'2021-12-31 23:00:00',NULL,NULL,NULL,'2023-08-31 06:59:10',0,'2023-08-31 06:59:10',0,NULL),(192,28,206,'2021-12-31 23:00:00',NULL,NULL,NULL,'2023-08-31 06:59:10',0,'2023-08-31 06:59:10',0,NULL),(193,28,186,'2022-01-31 23:00:00',NULL,NULL,NULL,'2023-08-31 06:59:10',0,'2023-08-31 06:59:10',0,NULL),(194,28,204,'2022-01-31 23:00:00',NULL,NULL,NULL,'2023-08-31 06:59:10',0,'2023-08-31 06:59:10',0,NULL),(195,28,255,'2022-01-31 23:00:00',NULL,NULL,NULL,'2023-08-31 06:59:10',0,'2023-08-31 06:59:10',0,NULL),(196,28,179,'2022-02-28 23:00:00',NULL,NULL,NULL,'2023-08-31 06:59:10',0,'2023-08-31 06:59:10',0,NULL),(197,28,197,'2022-02-28 23:00:00',NULL,NULL,NULL,'2023-08-31 06:59:10',0,'2023-08-31 06:59:10',0,NULL),(198,28,246,'2022-02-28 23:00:00',NULL,NULL,NULL,'2023-08-31 06:59:10',0,'2023-08-31 06:59:10',0,NULL),(199,29,50,'2021-12-31 23:00:00',NULL,NULL,NULL,'2023-08-31 06:59:10',0,'2023-08-31 06:59:10',0,NULL),(200,29,55,'2021-12-31 23:00:00',NULL,NULL,NULL,'2023-08-31 06:59:10',0,'2023-08-31 06:59:10',0,NULL),(201,29,69,'2021-12-31 23:00:00',NULL,NULL,NULL,'2023-08-31 06:59:10',0,'2023-08-31 06:59:10',0,NULL),(202,29,62,'2022-01-31 23:00:00',NULL,NULL,NULL,'2023-08-31 06:59:10',0,'2023-08-31 06:59:10',0,NULL),(203,29,68,'2022-01-31 23:00:00',NULL,NULL,NULL,'2023-08-31 06:59:10',0,'2023-08-31 06:59:10',0,NULL),(204,29,85,'2022-01-31 23:00:00',NULL,NULL,NULL,'2023-08-31 06:59:10',0,'2023-08-31 06:59:10',0,NULL),(205,29,60,'2022-02-28 23:00:00',NULL,NULL,NULL,'2023-08-31 06:59:10',0,'2023-08-31 06:59:10',0,NULL),(206,29,66,'2022-02-28 23:00:00',NULL,NULL,NULL,'2023-08-31 06:59:10',0,'2023-08-31 06:59:10',0,NULL),(207,29,82,'2022-02-28 23:00:00',NULL,NULL,NULL,'2023-08-31 06:59:10',0,'2023-08-31 06:59:10',0,NULL),(208,30,150,'2021-12-31 23:00:00',NULL,NULL,NULL,'2023-08-31 06:59:10',0,'2023-08-31 06:59:10',0,NULL),(209,30,165,'2021-12-31 23:00:00',NULL,NULL,NULL,'2023-08-31 06:59:10',0,'2023-08-31 06:59:10',0,NULL),(210,30,206,'2021-12-31 23:00:00',NULL,NULL,NULL,'2023-08-31 06:59:10',0,'2023-08-31 06:59:10',0,NULL),(211,30,186,'2022-01-31 23:00:00',NULL,NULL,NULL,'2023-08-31 06:59:10',0,'2023-08-31 06:59:10',0,NULL),(212,30,204,'2022-01-31 23:00:00',NULL,NULL,NULL,'2023-08-31 06:59:10',0,'2023-08-31 06:59:10',0,NULL),(213,30,255,'2022-01-31 23:00:00',NULL,NULL,NULL,'2023-08-31 06:59:10',0,'2023-08-31 06:59:10',0,NULL),(214,30,179,'2022-02-28 23:00:00',NULL,NULL,NULL,'2023-08-31 06:59:10',0,'2023-08-31 06:59:10',0,NULL),(215,30,197,'2022-02-28 23:00:00',NULL,NULL,NULL,'2023-08-31 06:59:10',0,'2023-08-31 06:59:10',0,NULL),(216,30,246,'2022-02-28 23:00:00',NULL,NULL,NULL,'2023-08-31 06:59:10',0,'2023-08-31 06:59:10',0,NULL),(217,31,300,'2021-12-31 23:00:00',NULL,NULL,NULL,'2023-08-31 06:59:10',0,'2023-08-31 06:59:10',0,NULL),(218,31,330,'2021-12-31 23:00:00',NULL,NULL,NULL,'2023-08-31 06:59:10',0,'2023-08-31 06:59:10',0,NULL),(219,31,413,'2021-12-31 23:00:00',NULL,NULL,NULL,'2023-08-31 06:59:10',0,'2023-08-31 06:59:10',0,NULL),(220,31,371,'2022-01-31 23:00:00',NULL,NULL,NULL,'2023-08-31 06:59:10',0,'2023-08-31 06:59:10',0,NULL),(221,31,408,'2022-01-31 23:00:00',NULL,NULL,NULL,'2023-08-31 06:59:10',0,'2023-08-31 06:59:10',0,NULL),(222,31,510,'2022-01-31 23:00:00',NULL,NULL,NULL,'2023-08-31 06:59:10',0,'2023-08-31 06:59:10',0,NULL),(223,31,357,'2022-02-28 23:00:00',NULL,NULL,NULL,'2023-08-31 06:59:10',0,'2023-08-31 06:59:10',0,NULL),(224,31,393,'2022-02-28 23:00:00',NULL,NULL,NULL,'2023-08-31 06:59:10',0,'2023-08-31 06:59:10',0,NULL),(225,31,491,'2022-02-28 23:00:00',NULL,NULL,NULL,'2023-08-31 06:59:10',0,'2023-08-31 06:59:10',0,NULL),(226,32,300,'2021-12-31 23:00:00',NULL,NULL,NULL,'2023-08-31 06:59:10',0,'2023-08-31 06:59:10',0,NULL),(227,32,330,'2021-12-31 23:00:00',NULL,NULL,NULL,'2023-08-31 06:59:10',0,'2023-08-31 06:59:10',0,NULL),(228,32,413,'2021-12-31 23:00:00',NULL,NULL,NULL,'2023-08-31 06:59:10',0,'2023-08-31 06:59:10',0,NULL),(229,32,371,'2022-01-31 23:00:00',NULL,NULL,NULL,'2023-08-31 06:59:10',0,'2023-08-31 06:59:10',0,NULL),(230,32,408,'2022-01-31 23:00:00',NULL,NULL,NULL,'2023-08-31 06:59:10',0,'2023-08-31 06:59:10',0,NULL),(231,32,510,'2022-01-31 23:00:00',NULL,NULL,NULL,'2023-08-31 06:59:10',0,'2023-08-31 06:59:10',0,NULL),(232,32,357,'2022-02-28 23:00:00',NULL,NULL,NULL,'2023-08-31 06:59:10',0,'2023-08-31 06:59:10',0,NULL),(233,32,393,'2022-02-28 23:00:00',NULL,NULL,NULL,'2023-08-31 06:59:10',0,'2023-08-31 06:59:10',0,NULL),(234,32,491,'2022-02-28 23:00:00',NULL,NULL,NULL,'2023-08-31 06:59:10',0,'2023-08-31 06:59:10',0,NULL),(235,33,900,'2021-12-31 23:00:00',NULL,NULL,NULL,'2023-08-31 06:59:10',0,'2023-08-31 06:59:10',0,NULL),(236,33,990,'2021-12-31 23:00:00',NULL,NULL,NULL,'2023-08-31 06:59:10',0,'2023-08-31 06:59:10',0,NULL),(237,33,1.238,'2021-12-31 23:00:00',NULL,NULL,NULL,'2023-08-31 06:59:10',0,'2023-08-31 06:59:10',0,NULL),(238,33,1.114,'2022-01-31 23:00:00',NULL,NULL,NULL,'2023-08-31 06:59:10',0,'2023-08-31 06:59:10',0,NULL),(239,33,1.225,'2022-01-31 23:00:00',NULL,NULL,NULL,'2023-08-31 06:59:10',0,'2023-08-31 06:59:10',0,NULL),(240,33,1.531,'2022-01-31 23:00:00',NULL,NULL,NULL,'2023-08-31 06:59:10',0,'2023-08-31 06:59:10',0,NULL),(241,33,1.072,'2022-02-28 23:00:00',NULL,NULL,NULL,'2023-08-31 06:59:10',0,'2023-08-31 06:59:10',0,NULL),(242,33,1.179,'2022-02-28 23:00:00',NULL,NULL,NULL,'2023-08-31 06:59:10',0,'2023-08-31 06:59:10',0,NULL),(243,33,1.474,'2022-02-28 23:00:00',NULL,NULL,NULL,'2023-08-31 06:59:10',0,'2023-08-31 06:59:10',0,NULL),(244,34,1.2,'2021-12-31 23:00:00',NULL,NULL,NULL,'2023-08-31 06:59:10',0,'2023-08-31 06:59:10',0,NULL),(245,34,1.32,'2021-12-31 23:00:00',NULL,NULL,NULL,'2023-08-31 06:59:10',0,'2023-08-31 06:59:10',0,NULL),(246,34,1.65,'2021-12-31 23:00:00',NULL,NULL,NULL,'2023-08-31 06:59:10',0,'2023-08-31 06:59:10',0,NULL),(247,34,1.485,'2022-01-31 23:00:00',NULL,NULL,NULL,'2023-08-31 06:59:10',0,'2023-08-31 06:59:10',0,NULL),(248,34,1.634,'2022-01-31 23:00:00',NULL,NULL,NULL,'2023-08-31 06:59:10',0,'2023-08-31 06:59:10',0,NULL),(249,34,2.042,'2022-01-31 23:00:00',NULL,NULL,NULL,'2023-08-31 06:59:10',0,'2023-08-31 06:59:10',0,NULL),(250,34,1.429,'2022-02-28 23:00:00',NULL,NULL,NULL,'2023-08-31 06:59:10',0,'2023-08-31 06:59:10',0,NULL),(251,34,1.572,'2022-02-28 23:00:00',NULL,NULL,NULL,'2023-08-31 06:59:10',0,'2023-08-31 06:59:10',0,NULL),(252,34,1.965,'2022-02-28 23:00:00',NULL,NULL,NULL,'2023-08-31 06:59:10',0,'2023-08-31 06:59:10',0,NULL),(253,39,400,'2021-12-31 23:00:00',NULL,NULL,NULL,'2023-08-31 06:59:10',0,'2023-08-31 06:59:10',0,NULL),(254,39,440,'2021-12-31 23:00:00',NULL,NULL,NULL,'2023-08-31 06:59:10',0,'2023-08-31 06:59:10',0,NULL),(255,39,550,'2021-12-31 23:00:00',NULL,NULL,NULL,'2023-08-31 06:59:10',0,'2023-08-31 06:59:10',0,NULL),(256,39,495,'2022-01-31 23:00:00',NULL,NULL,NULL,'2023-08-31 06:59:10',0,'2023-08-31 06:59:10',0,NULL),(257,39,545,'2022-01-31 23:00:00',NULL,NULL,NULL,'2023-08-31 06:59:10',0,'2023-08-31 06:59:10',0,NULL),(258,39,681,'2022-01-31 23:00:00',NULL,NULL,NULL,'2023-08-31 06:59:10',0,'2023-08-31 06:59:10',0,NULL),(259,39,476,'2022-02-28 23:00:00',NULL,NULL,NULL,'2023-08-31 06:59:10',0,'2023-08-31 06:59:10',0,NULL),(260,39,524,'2022-02-28 23:00:00',NULL,NULL,NULL,'2023-08-31 06:59:10',0,'2023-08-31 06:59:10',0,NULL),(261,39,655,'2022-02-28 23:00:00',NULL,NULL,NULL,'2023-08-31 06:59:10',0,'2023-08-31 06:59:10',0,NULL),(262,40,450,'2021-12-31 23:00:00',NULL,NULL,NULL,'2023-08-31 06:59:10',0,'2023-08-31 06:59:10',0,NULL),(263,40,495,'2021-12-31 23:00:00',NULL,NULL,NULL,'2023-08-31 06:59:10',0,'2023-08-31 06:59:10',0,NULL),(264,40,619,'2021-12-31 23:00:00',NULL,NULL,NULL,'2023-08-31 06:59:10',0,'2023-08-31 06:59:10',0,NULL),(265,40,557,'2022-01-31 23:00:00',NULL,NULL,NULL,'2023-08-31 06:59:10',0,'2023-08-31 06:59:10',0,NULL),(266,40,613,'2022-01-31 23:00:00',NULL,NULL,NULL,'2023-08-31 06:59:10',0,'2023-08-31 06:59:10',0,NULL),(267,40,766,'2022-01-31 23:00:00',NULL,NULL,NULL,'2023-08-31 06:59:10',0,'2023-08-31 06:59:10',0,NULL),(268,40,536,'2022-02-28 23:00:00',NULL,NULL,NULL,'2023-08-31 06:59:10',0,'2023-08-31 06:59:10',0,NULL),(269,40,590,'2022-02-28 23:00:00',NULL,NULL,NULL,'2023-08-31 06:59:10',0,'2023-08-31 06:59:10',0,NULL),(270,40,737,'2022-02-28 23:00:00',NULL,NULL,NULL,'2023-08-31 06:59:10',0,'2023-08-31 06:59:10',0,NULL),(271,41,500,'2021-12-31 23:00:00',NULL,NULL,NULL,'2023-08-31 06:59:10',0,'2023-08-31 06:59:10',0,NULL),(272,41,550,'2021-12-31 23:00:00',NULL,NULL,NULL,'2023-08-31 06:59:10',0,'2023-08-31 06:59:10',0,NULL),(273,41,688,'2021-12-31 23:00:00',NULL,NULL,NULL,'2023-08-31 06:59:10',0,'2023-08-31 06:59:10',0,NULL),(274,41,619,'2022-01-31 23:00:00',NULL,NULL,NULL,'2023-08-31 06:59:10',0,'2023-08-31 06:59:10',0,NULL),(275,41,681,'2022-01-31 23:00:00',NULL,NULL,NULL,'2023-08-31 06:59:10',0,'2023-08-31 06:59:10',0,NULL),(276,41,851,'2022-01-31 23:00:00',NULL,NULL,NULL,'2023-08-31 06:59:10',0,'2023-08-31 06:59:10',0,NULL),(277,41,596,'2022-02-28 23:00:00',NULL,NULL,NULL,'2023-08-31 06:59:10',0,'2023-08-31 06:59:10',0,NULL),(278,41,655,'2022-02-28 23:00:00',NULL,NULL,NULL,'2023-08-31 06:59:11',0,'2023-08-31 06:59:11',0,NULL),(279,41,819,'2022-02-28 23:00:00',NULL,NULL,NULL,'2023-08-31 06:59:11',0,'2023-08-31 06:59:11',0,NULL),(280,43,550,'2021-12-31 23:00:00',NULL,NULL,NULL,'2023-08-31 06:59:11',0,'2023-08-31 06:59:11',0,NULL),(281,43,605,'2021-12-31 23:00:00',NULL,NULL,NULL,'2023-08-31 06:59:11',0,'2023-08-31 06:59:11',0,NULL),(282,43,756,'2021-12-31 23:00:00',NULL,NULL,NULL,'2023-08-31 06:59:11',0,'2023-08-31 06:59:11',0,NULL),(283,43,681,'2022-01-31 23:00:00',NULL,NULL,NULL,'2023-08-31 06:59:11',0,'2023-08-31 06:59:11',0,NULL),(284,43,749,'2022-01-31 23:00:00',NULL,NULL,NULL,'2023-08-31 06:59:11',0,'2023-08-31 06:59:11',0,NULL),(285,43,936,'2022-01-31 23:00:00',NULL,NULL,NULL,'2023-08-31 06:59:11',0,'2023-08-31 06:59:11',0,NULL),(286,43,655,'2022-02-28 23:00:00',NULL,NULL,NULL,'2023-08-31 06:59:11',0,'2023-08-31 06:59:11',0,NULL),(287,43,721,'2022-02-28 23:00:00',NULL,NULL,NULL,'2023-08-31 06:59:11',0,'2023-08-31 06:59:11',0,NULL),(288,43,901,'2022-02-28 23:00:00',NULL,NULL,NULL,'2023-08-31 06:59:11',0,'2023-08-31 06:59:11',0,NULL),(289,44,600,'2021-12-31 23:00:00',NULL,NULL,NULL,'2023-08-31 06:59:11',0,'2023-08-31 06:59:11',0,NULL),(290,44,660,'2021-12-31 23:00:00',NULL,NULL,NULL,'2023-08-31 06:59:11',0,'2023-08-31 06:59:11',0,NULL),(291,44,825,'2021-12-31 23:00:00',NULL,NULL,NULL,'2023-08-31 06:59:11',0,'2023-08-31 06:59:11',0,NULL),(292,44,743,'2022-01-31 23:00:00',NULL,NULL,NULL,'2023-08-31 06:59:11',0,'2023-08-31 06:59:11',0,NULL),(293,44,817,'2022-01-31 23:00:00',NULL,NULL,NULL,'2023-08-31 06:59:11',0,'2023-08-31 06:59:11',0,NULL),(294,44,1.021,'2022-01-31 23:00:00',NULL,NULL,NULL,'2023-08-31 06:59:11',0,'2023-08-31 06:59:11',0,NULL),(295,44,715,'2022-02-28 23:00:00',NULL,NULL,NULL,'2023-08-31 06:59:11',0,'2023-08-31 06:59:11',0,NULL),(296,44,786,'2022-02-28 23:00:00',NULL,NULL,NULL,'2023-08-31 06:59:11',0,'2023-08-31 06:59:11',0,NULL),(297,44,983,'2022-02-28 23:00:00',NULL,NULL,NULL,'2023-08-31 06:59:11',0,'2023-08-31 06:59:11',0,NULL),(298,45,650,'2021-12-31 23:00:00',NULL,NULL,NULL,'2023-08-31 06:59:11',0,'2023-08-31 06:59:11',0,NULL),(299,45,715,'2021-12-31 23:00:00',NULL,NULL,NULL,'2023-08-31 06:59:11',0,'2023-08-31 06:59:11',0,NULL),(300,45,894,'2021-12-31 23:00:00',NULL,NULL,NULL,'2023-08-31 06:59:11',0,'2023-08-31 06:59:11',0,NULL),(301,45,804,'2022-01-31 23:00:00',NULL,NULL,NULL,'2023-08-31 06:59:11',0,'2023-08-31 06:59:11',0,NULL),(302,45,885,'2022-01-31 23:00:00',NULL,NULL,NULL,'2023-08-31 06:59:11',0,'2023-08-31 06:59:11',0,NULL),(303,45,1.106,'2022-01-31 23:00:00',NULL,NULL,NULL,'2023-08-31 06:59:11',0,'2023-08-31 06:59:11',0,NULL),(304,45,774,'2022-02-28 23:00:00',NULL,NULL,NULL,'2023-08-31 06:59:11',0,'2023-08-31 06:59:11',0,NULL),(305,45,852,'2022-02-28 23:00:00',NULL,NULL,NULL,'2023-08-31 06:59:11',0,'2023-08-31 06:59:11',0,NULL),(306,45,1.065,'2022-02-28 23:00:00',NULL,NULL,NULL,'2023-08-31 06:59:11',0,'2023-08-31 06:59:11',0,NULL),(307,47,700,'2021-12-31 23:00:00',NULL,NULL,NULL,'2023-08-31 06:59:11',0,'2023-08-31 06:59:11',0,NULL),(308,47,770,'2021-12-31 23:00:00',NULL,NULL,NULL,'2023-08-31 06:59:11',0,'2023-08-31 06:59:11',0,NULL),(309,47,963,'2021-12-31 23:00:00',NULL,NULL,NULL,'2023-08-31 06:59:11',0,'2023-08-31 06:59:11',0,NULL),(310,47,866,'2022-01-31 23:00:00',NULL,NULL,NULL,'2023-08-31 06:59:11',0,'2023-08-31 06:59:11',0,NULL),(311,47,953,'2022-01-31 23:00:00',NULL,NULL,NULL,'2023-08-31 06:59:11',0,'2023-08-31 06:59:11',0,NULL),(312,47,1.191,'2022-01-31 23:00:00',NULL,NULL,NULL,'2023-08-31 06:59:11',0,'2023-08-31 06:59:11',0,NULL),(313,47,834,'2022-02-28 23:00:00',NULL,NULL,NULL,'2023-08-31 06:59:11',0,'2023-08-31 06:59:11',0,NULL),(314,47,917,'2022-02-28 23:00:00',NULL,NULL,NULL,'2023-08-31 06:59:11',0,'2023-08-31 06:59:11',0,NULL),(315,47,1.146,'2022-02-28 23:00:00',NULL,NULL,NULL,'2023-08-31 06:59:11',0,'2023-08-31 06:59:11',0,NULL),(316,48,750,'2021-12-31 23:00:00',NULL,NULL,NULL,'2023-08-31 06:59:11',0,'2023-08-31 06:59:11',0,NULL),(317,48,825,'2021-12-31 23:00:00',NULL,NULL,NULL,'2023-08-31 06:59:11',0,'2023-08-31 06:59:11',0,NULL),(318,48,1.031,'2021-12-31 23:00:00',NULL,NULL,NULL,'2023-08-31 06:59:11',0,'2023-08-31 06:59:11',0,NULL),(319,48,928,'2022-01-31 23:00:00',NULL,NULL,NULL,'2023-08-31 06:59:11',0,'2023-08-31 06:59:11',0,NULL),(320,48,1.021,'2022-01-31 23:00:00',NULL,NULL,NULL,'2023-08-31 06:59:11',0,'2023-08-31 06:59:11',0,NULL),(321,48,1.276,'2022-01-31 23:00:00',NULL,NULL,NULL,'2023-08-31 06:59:11',0,'2023-08-31 06:59:11',0,NULL),(322,48,893,'2022-02-28 23:00:00',NULL,NULL,NULL,'2023-08-31 06:59:11',0,'2023-08-31 06:59:11',0,NULL),(323,48,983,'2022-02-28 23:00:00',NULL,NULL,NULL,'2023-08-31 06:59:11',0,'2023-08-31 06:59:11',0,NULL),(324,48,1.228,'2022-02-28 23:00:00',NULL,NULL,NULL,'2023-08-31 06:59:11',0,'2023-08-31 06:59:11',0,NULL),(325,49,800,'2021-12-31 23:00:00',NULL,NULL,NULL,'2023-08-31 06:59:11',0,'2023-08-31 06:59:11',0,NULL),(326,49,880,'2021-12-31 23:00:00',NULL,NULL,NULL,'2023-08-31 06:59:11',0,'2023-08-31 06:59:11',0,NULL),(327,49,1.1,'2021-12-31 23:00:00',NULL,NULL,NULL,'2023-08-31 06:59:11',0,'2023-08-31 06:59:11',0,NULL),(328,49,990,'2022-01-31 23:00:00',NULL,NULL,NULL,'2023-08-31 06:59:11',0,'2023-08-31 06:59:11',0,NULL),(329,49,1.089,'2022-01-31 23:00:00',NULL,NULL,NULL,'2023-08-31 06:59:11',0,'2023-08-31 06:59:11',0,NULL),(330,49,1.361,'2022-01-31 23:00:00',NULL,NULL,NULL,'2023-08-31 06:59:11',0,'2023-08-31 06:59:11',0,NULL),(331,49,953,'2022-02-28 23:00:00',NULL,NULL,NULL,'2023-08-31 06:59:11',0,'2023-08-31 06:59:11',0,NULL),(332,49,1.048,'2022-02-28 23:00:00',NULL,NULL,NULL,'2023-08-31 06:59:11',0,'2023-08-31 06:59:11',0,NULL),(333,49,1.31,'2022-02-28 23:00:00',NULL,NULL,NULL,'2023-08-31 06:59:11',0,'2023-08-31 06:59:11',0,NULL),(334,51,850,'2021-12-31 23:00:00',NULL,NULL,NULL,'2023-08-31 06:59:11',0,'2023-08-31 06:59:11',0,NULL),(335,51,935,'2021-12-31 23:00:00',NULL,NULL,NULL,'2023-08-31 06:59:11',0,'2023-08-31 06:59:11',0,NULL),(336,51,1.169,'2021-12-31 23:00:00',NULL,NULL,NULL,'2023-08-31 06:59:11',0,'2023-08-31 06:59:11',0,NULL),(337,51,1.052,'2022-01-31 23:00:00',NULL,NULL,NULL,'2023-08-31 06:59:11',0,'2023-08-31 06:59:11',0,NULL),(338,51,1.157,'2022-01-31 23:00:00',NULL,NULL,NULL,'2023-08-31 06:59:11',0,'2023-08-31 06:59:11',0,NULL),(339,51,1.446,'2022-01-31 23:00:00',NULL,NULL,NULL,'2023-08-31 06:59:11',0,'2023-08-31 06:59:11',0,NULL),(340,51,1.012,'2022-02-28 23:00:00',NULL,NULL,NULL,'2023-08-31 06:59:11',0,'2023-08-31 06:59:11',0,NULL),(341,51,1.114,'2022-02-28 23:00:00',NULL,NULL,NULL,'2023-08-31 06:59:11',0,'2023-08-31 06:59:11',0,NULL),(342,51,1.392,'2022-02-28 23:00:00',NULL,NULL,NULL,'2023-08-31 06:59:11',0,'2023-08-31 06:59:11',0,NULL),(343,52,900,'2021-12-31 23:00:00',NULL,NULL,NULL,'2023-08-31 06:59:11',0,'2023-08-31 06:59:11',0,NULL),(344,52,990,'2021-12-31 23:00:00',NULL,NULL,NULL,'2023-08-31 06:59:11',0,'2023-08-31 06:59:11',0,NULL),(345,52,1.238,'2021-12-31 23:00:00',NULL,NULL,NULL,'2023-08-31 06:59:11',0,'2023-08-31 06:59:11',0,NULL),(346,52,1.114,'2022-01-31 23:00:00',NULL,NULL,NULL,'2023-08-31 06:59:11',0,'2023-08-31 06:59:11',0,NULL),(347,52,1.225,'2022-01-31 23:00:00',NULL,NULL,NULL,'2023-08-31 06:59:11',0,'2023-08-31 06:59:11',0,NULL),(348,52,1.531,'2022-01-31 23:00:00',NULL,NULL,NULL,'2023-08-31 06:59:11',0,'2023-08-31 06:59:11',0,NULL),(349,52,1.072,'2022-02-28 23:00:00',NULL,NULL,NULL,'2023-08-31 06:59:11',0,'2023-08-31 06:59:11',0,NULL),(350,52,1.179,'2022-02-28 23:00:00',NULL,NULL,NULL,'2023-08-31 06:59:11',0,'2023-08-31 06:59:11',0,NULL),(351,52,1.474,'2022-02-28 23:00:00',NULL,NULL,NULL,'2023-08-31 06:59:11',0,'2023-08-31 06:59:11',0,NULL),(352,53,950,'2021-12-31 23:00:00',NULL,NULL,NULL,'2023-08-31 06:59:11',0,'2023-08-31 06:59:11',0,NULL),(353,53,1.045,'2021-12-31 23:00:00',NULL,NULL,NULL,'2023-08-31 06:59:11',0,'2023-08-31 06:59:11',0,NULL),(354,53,1.306,'2021-12-31 23:00:00',NULL,NULL,NULL,'2023-08-31 06:59:11',0,'2023-08-31 06:59:11',0,NULL),(355,53,1.176,'2022-01-31 23:00:00',NULL,NULL,NULL,'2023-08-31 06:59:11',0,'2023-08-31 06:59:11',0,NULL),(356,53,1.293,'2022-01-31 23:00:00',NULL,NULL,NULL,'2023-08-31 06:59:11',0,'2023-08-31 06:59:11',0,NULL),(357,53,1.616,'2022-01-31 23:00:00',NULL,NULL,NULL,'2023-08-31 06:59:11',0,'2023-08-31 06:59:11',0,NULL),(358,53,1.132,'2022-02-28 23:00:00',NULL,NULL,NULL,'2023-08-31 06:59:11',0,'2023-08-31 06:59:11',0,NULL),(359,53,1.245,'2022-02-28 23:00:00',NULL,NULL,NULL,'2023-08-31 06:59:11',0,'2023-08-31 06:59:11',0,NULL),(360,53,1.556,'2022-02-28 23:00:00',NULL,NULL,NULL,'2023-08-31 06:59:11',0,'2023-08-31 06:59:11',0,NULL),(361,56,400,'2021-12-31 23:00:00',NULL,NULL,NULL,'2023-08-31 06:59:11',0,'2023-08-31 06:59:11',0,NULL),(362,56,440,'2021-12-31 23:00:00',NULL,NULL,NULL,'2023-08-31 06:59:11',0,'2023-08-31 06:59:11',0,NULL),(363,56,550,'2021-12-31 23:00:00',NULL,NULL,NULL,'2023-08-31 06:59:11',0,'2023-08-31 06:59:11',0,NULL),(364,56,495,'2022-01-31 23:00:00',NULL,NULL,NULL,'2023-08-31 06:59:11',0,'2023-08-31 06:59:11',0,NULL),(365,56,545,'2022-01-31 23:00:00',NULL,NULL,NULL,'2023-08-31 06:59:12',0,'2023-08-31 06:59:12',0,NULL),(366,56,681,'2022-01-31 23:00:00',NULL,NULL,NULL,'2023-08-31 06:59:12',0,'2023-08-31 06:59:12',0,NULL),(367,56,476,'2022-02-28 23:00:00',NULL,NULL,NULL,'2023-08-31 06:59:12',0,'2023-08-31 06:59:12',0,NULL),(368,56,524,'2022-02-28 23:00:00',NULL,NULL,NULL,'2023-08-31 06:59:12',0,'2023-08-31 06:59:12',0,NULL),(369,56,655,'2022-02-28 23:00:00',NULL,NULL,NULL,'2023-08-31 06:59:12',0,'2023-08-31 06:59:12',0,NULL),(370,57,450,'2021-12-31 23:00:00',NULL,NULL,NULL,'2023-08-31 06:59:12',0,'2023-08-31 06:59:12',0,NULL),(371,57,495,'2021-12-31 23:00:00',NULL,NULL,NULL,'2023-08-31 06:59:12',0,'2023-08-31 06:59:12',0,NULL),(372,57,619,'2021-12-31 23:00:00',NULL,NULL,NULL,'2023-08-31 06:59:12',0,'2023-08-31 06:59:12',0,NULL),(373,57,557,'2022-01-31 23:00:00',NULL,NULL,NULL,'2023-08-31 06:59:12',0,'2023-08-31 06:59:12',0,NULL),(374,57,613,'2022-01-31 23:00:00',NULL,NULL,NULL,'2023-08-31 06:59:12',0,'2023-08-31 06:59:12',0,NULL),(375,57,766,'2022-01-31 23:00:00',NULL,NULL,NULL,'2023-08-31 06:59:12',0,'2023-08-31 06:59:12',0,NULL),(376,57,536,'2022-02-28 23:00:00',NULL,NULL,NULL,'2023-08-31 06:59:12',0,'2023-08-31 06:59:12',0,NULL),(377,57,590,'2022-02-28 23:00:00',NULL,NULL,NULL,'2023-08-31 06:59:12',0,'2023-08-31 06:59:12',0,NULL),(378,57,737,'2022-02-28 23:00:00',NULL,NULL,NULL,'2023-08-31 06:59:12',0,'2023-08-31 06:59:12',0,NULL),(379,58,500,'2021-12-31 23:00:00',NULL,NULL,NULL,'2023-08-31 06:59:12',0,'2023-08-31 06:59:12',0,NULL),(380,58,550,'2021-12-31 23:00:00',NULL,NULL,NULL,'2023-08-31 06:59:12',0,'2023-08-31 06:59:12',0,NULL),(381,58,688,'2021-12-31 23:00:00',NULL,NULL,NULL,'2023-08-31 06:59:12',0,'2023-08-31 06:59:12',0,NULL),(382,58,619,'2022-01-31 23:00:00',NULL,NULL,NULL,'2023-08-31 06:59:12',0,'2023-08-31 06:59:12',0,NULL),(383,58,681,'2022-01-31 23:00:00',NULL,NULL,NULL,'2023-08-31 06:59:12',0,'2023-08-31 06:59:12',0,NULL),(384,58,851,'2022-01-31 23:00:00',NULL,NULL,NULL,'2023-08-31 06:59:12',0,'2023-08-31 06:59:12',0,NULL),(385,58,596,'2022-02-28 23:00:00',NULL,NULL,NULL,'2023-08-31 06:59:12',0,'2023-08-31 06:59:12',0,NULL),(386,58,655,'2022-02-28 23:00:00',NULL,NULL,NULL,'2023-08-31 06:59:12',0,'2023-08-31 06:59:12',0,NULL),(387,58,819,'2022-02-28 23:00:00',NULL,NULL,NULL,'2023-08-31 06:59:12',0,'2023-08-31 06:59:12',0,NULL),(388,60,550,'2021-12-31 23:00:00',NULL,NULL,NULL,'2023-08-31 06:59:12',0,'2023-08-31 06:59:12',0,NULL),(389,60,605,'2021-12-31 23:00:00',NULL,NULL,NULL,'2023-08-31 06:59:12',0,'2023-08-31 06:59:12',0,NULL),(390,60,756,'2021-12-31 23:00:00',NULL,NULL,NULL,'2023-08-31 06:59:12',0,'2023-08-31 06:59:12',0,NULL),(391,60,681,'2022-01-31 23:00:00',NULL,NULL,NULL,'2023-08-31 06:59:12',0,'2023-08-31 06:59:12',0,NULL),(392,60,749,'2022-01-31 23:00:00',NULL,NULL,NULL,'2023-08-31 06:59:12',0,'2023-08-31 06:59:12',0,NULL),(393,60,936,'2022-01-31 23:00:00',NULL,NULL,NULL,'2023-08-31 06:59:12',0,'2023-08-31 06:59:12',0,NULL),(394,60,655,'2022-02-28 23:00:00',NULL,NULL,NULL,'2023-08-31 06:59:12',0,'2023-08-31 06:59:12',0,NULL),(395,60,721,'2022-02-28 23:00:00',NULL,NULL,NULL,'2023-08-31 06:59:12',0,'2023-08-31 06:59:12',0,NULL),(396,60,901,'2022-02-28 23:00:00',NULL,NULL,NULL,'2023-08-31 06:59:12',0,'2023-08-31 06:59:12',0,NULL),(397,61,600,'2021-12-31 23:00:00',NULL,NULL,NULL,'2023-08-31 06:59:12',0,'2023-08-31 06:59:12',0,NULL),(398,61,660,'2021-12-31 23:00:00',NULL,NULL,NULL,'2023-08-31 06:59:12',0,'2023-08-31 06:59:12',0,NULL),(399,61,825,'2021-12-31 23:00:00',NULL,NULL,NULL,'2023-08-31 06:59:12',0,'2023-08-31 06:59:12',0,NULL),(400,61,743,'2022-01-31 23:00:00',NULL,NULL,NULL,'2023-08-31 06:59:12',0,'2023-08-31 06:59:12',0,NULL),(401,61,817,'2022-01-31 23:00:00',NULL,NULL,NULL,'2023-08-31 06:59:12',0,'2023-08-31 06:59:12',0,NULL),(402,61,1.021,'2022-01-31 23:00:00',NULL,NULL,NULL,'2023-08-31 06:59:12',0,'2023-08-31 06:59:12',0,NULL),(403,61,715,'2022-02-28 23:00:00',NULL,NULL,NULL,'2023-08-31 06:59:12',0,'2023-08-31 06:59:12',0,NULL),(404,61,786,'2022-02-28 23:00:00',NULL,NULL,NULL,'2023-08-31 06:59:12',0,'2023-08-31 06:59:12',0,NULL),(405,61,983,'2022-02-28 23:00:00',NULL,NULL,NULL,'2023-08-31 06:59:12',0,'2023-08-31 06:59:12',0,NULL),(406,62,650,'2021-12-31 23:00:00',NULL,NULL,NULL,'2023-08-31 06:59:12',0,'2023-08-31 06:59:12',0,NULL),(407,62,715,'2021-12-31 23:00:00',NULL,NULL,NULL,'2023-08-31 06:59:12',0,'2023-08-31 06:59:12',0,NULL),(408,62,894,'2021-12-31 23:00:00',NULL,NULL,NULL,'2023-08-31 06:59:12',0,'2023-08-31 06:59:12',0,NULL),(409,62,804,'2022-01-31 23:00:00',NULL,NULL,NULL,'2023-08-31 06:59:12',0,'2023-08-31 06:59:12',0,NULL),(410,62,885,'2022-01-31 23:00:00',NULL,NULL,NULL,'2023-08-31 06:59:12',0,'2023-08-31 06:59:12',0,NULL),(411,62,1.106,'2022-01-31 23:00:00',NULL,NULL,NULL,'2023-08-31 06:59:12',0,'2023-08-31 06:59:12',0,NULL),(412,62,774,'2022-02-28 23:00:00',NULL,NULL,NULL,'2023-08-31 06:59:12',0,'2023-08-31 06:59:12',0,NULL),(413,62,852,'2022-02-28 23:00:00',NULL,NULL,NULL,'2023-08-31 06:59:12',0,'2023-08-31 06:59:12',0,NULL),(414,62,1.065,'2022-02-28 23:00:00',NULL,NULL,NULL,'2023-08-31 06:59:12',0,'2023-08-31 06:59:12',0,NULL),(415,64,700,'2021-12-31 23:00:00',NULL,NULL,NULL,'2023-08-31 06:59:12',0,'2023-08-31 06:59:12',0,NULL),(416,64,770,'2021-12-31 23:00:00',NULL,NULL,NULL,'2023-08-31 06:59:12',0,'2023-08-31 06:59:12',0,NULL),(417,64,963,'2021-12-31 23:00:00',NULL,NULL,NULL,'2023-08-31 06:59:12',0,'2023-08-31 06:59:12',0,NULL),(418,64,866,'2022-01-31 23:00:00',NULL,NULL,NULL,'2023-08-31 06:59:12',0,'2023-08-31 06:59:12',0,NULL),(419,64,953,'2022-01-31 23:00:00',NULL,NULL,NULL,'2023-08-31 06:59:12',0,'2023-08-31 06:59:12',0,NULL),(420,64,1.191,'2022-01-31 23:00:00',NULL,NULL,NULL,'2023-08-31 06:59:12',0,'2023-08-31 06:59:12',0,NULL),(421,64,834,'2022-02-28 23:00:00',NULL,NULL,NULL,'2023-08-31 06:59:12',0,'2023-08-31 06:59:12',0,NULL),(422,64,917,'2022-02-28 23:00:00',NULL,NULL,NULL,'2023-08-31 06:59:12',0,'2023-08-31 06:59:12',0,NULL),(423,64,1.146,'2022-02-28 23:00:00',NULL,NULL,NULL,'2023-08-31 06:59:12',0,'2023-08-31 06:59:12',0,NULL),(424,65,750,'2021-12-31 23:00:00',NULL,NULL,NULL,'2023-08-31 06:59:12',0,'2023-08-31 06:59:12',0,NULL),(425,65,825,'2021-12-31 23:00:00',NULL,NULL,NULL,'2023-08-31 06:59:12',0,'2023-08-31 06:59:12',0,NULL),(426,65,1.031,'2021-12-31 23:00:00',NULL,NULL,NULL,'2023-08-31 06:59:12',0,'2023-08-31 06:59:12',0,NULL),(427,65,928,'2022-01-31 23:00:00',NULL,NULL,NULL,'2023-08-31 06:59:12',0,'2023-08-31 06:59:12',0,NULL),(428,65,1.021,'2022-01-31 23:00:00',NULL,NULL,NULL,'2023-08-31 06:59:12',0,'2023-08-31 06:59:12',0,NULL),(429,65,1.276,'2022-01-31 23:00:00',NULL,NULL,NULL,'2023-08-31 06:59:12',0,'2023-08-31 06:59:12',0,NULL),(430,65,893,'2022-02-28 23:00:00',NULL,NULL,NULL,'2023-08-31 06:59:12',0,'2023-08-31 06:59:12',0,NULL),(431,65,983,'2022-02-28 23:00:00',NULL,NULL,NULL,'2023-08-31 06:59:12',0,'2023-08-31 06:59:12',0,NULL),(432,65,1.228,'2022-02-28 23:00:00',NULL,NULL,NULL,'2023-08-31 06:59:12',0,'2023-08-31 06:59:12',0,NULL),(433,66,800,'2021-12-31 23:00:00',NULL,NULL,NULL,'2023-08-31 06:59:12',0,'2023-08-31 06:59:12',0,NULL),(434,66,880,'2021-12-31 23:00:00',NULL,NULL,NULL,'2023-08-31 06:59:12',0,'2023-08-31 06:59:12',0,NULL),(435,66,1.1,'2021-12-31 23:00:00',NULL,NULL,NULL,'2023-08-31 06:59:12',0,'2023-08-31 06:59:12',0,NULL),(436,66,990,'2022-01-31 23:00:00',NULL,NULL,NULL,'2023-08-31 06:59:12',0,'2023-08-31 06:59:12',0,NULL),(437,66,1.089,'2022-01-31 23:00:00',NULL,NULL,NULL,'2023-08-31 06:59:12',0,'2023-08-31 06:59:12',0,NULL),(438,66,1.361,'2022-01-31 23:00:00',NULL,NULL,NULL,'2023-08-31 06:59:12',0,'2023-08-31 06:59:12',0,NULL),(439,66,953,'2022-02-28 23:00:00',NULL,NULL,NULL,'2023-08-31 06:59:12',0,'2023-08-31 06:59:12',0,NULL),(440,66,1.048,'2022-02-28 23:00:00',NULL,NULL,NULL,'2023-08-31 06:59:12',0,'2023-08-31 06:59:12',0,NULL),(441,66,1.31,'2022-02-28 23:00:00',NULL,NULL,NULL,'2023-08-31 06:59:12',0,'2023-08-31 06:59:12',0,NULL),(442,68,850,'2021-12-31 23:00:00',NULL,NULL,NULL,'2023-08-31 06:59:12',0,'2023-08-31 06:59:12',0,NULL),(443,68,935,'2021-12-31 23:00:00',NULL,NULL,NULL,'2023-08-31 06:59:12',0,'2023-08-31 06:59:12',0,NULL),(444,68,1.169,'2021-12-31 23:00:00',NULL,NULL,NULL,'2023-08-31 06:59:12',0,'2023-08-31 06:59:12',0,NULL),(445,68,1.052,'2022-01-31 23:00:00',NULL,NULL,NULL,'2023-08-31 06:59:12',0,'2023-08-31 06:59:12',0,NULL),(446,68,1.157,'2022-01-31 23:00:00',NULL,NULL,NULL,'2023-08-31 06:59:12',0,'2023-08-31 06:59:12',0,NULL),(447,68,1.446,'2022-01-31 23:00:00',NULL,NULL,NULL,'2023-08-31 06:59:12',0,'2023-08-31 06:59:12',0,NULL),(448,68,1.012,'2022-02-28 23:00:00',NULL,NULL,NULL,'2023-08-31 06:59:12',0,'2023-08-31 06:59:12',0,NULL),(449,68,1.114,'2022-02-28 23:00:00',NULL,NULL,NULL,'2023-08-31 06:59:12',0,'2023-08-31 06:59:12',0,NULL),(450,68,1.392,'2022-02-28 23:00:00',NULL,NULL,NULL,'2023-08-31 06:59:12',0,'2023-08-31 06:59:12',0,NULL),(451,69,900,'2021-12-31 23:00:00',NULL,NULL,NULL,'2023-08-31 06:59:12',0,'2023-08-31 06:59:12',0,NULL),(452,69,990,'2021-12-31 23:00:00',NULL,NULL,NULL,'2023-08-31 06:59:12',0,'2023-08-31 06:59:12',0,NULL),(453,69,1.238,'2021-12-31 23:00:00',NULL,NULL,NULL,'2023-08-31 06:59:12',0,'2023-08-31 06:59:12',0,NULL),(454,69,1.114,'2022-01-31 23:00:00',NULL,NULL,NULL,'2023-08-31 06:59:12',0,'2023-08-31 06:59:12',0,NULL),(455,69,1.225,'2022-01-31 23:00:00',NULL,NULL,NULL,'2023-08-31 06:59:12',0,'2023-08-31 06:59:12',0,NULL),(456,69,1.531,'2022-01-31 23:00:00',NULL,NULL,NULL,'2023-08-31 06:59:12',0,'2023-08-31 06:59:12',0,NULL),(457,69,1.072,'2022-02-28 23:00:00',NULL,NULL,NULL,'2023-08-31 06:59:12',0,'2023-08-31 06:59:12',0,NULL),(458,69,1.179,'2022-02-28 23:00:00',NULL,NULL,NULL,'2023-08-31 06:59:12',0,'2023-08-31 06:59:12',0,NULL),(459,69,1.474,'2022-02-28 23:00:00',NULL,NULL,NULL,'2023-08-31 06:59:13',0,'2023-08-31 06:59:13',0,NULL),(460,70,950,'2021-12-31 23:00:00',NULL,NULL,NULL,'2023-08-31 06:59:13',0,'2023-08-31 06:59:13',0,NULL),(461,70,1.045,'2021-12-31 23:00:00',NULL,NULL,NULL,'2023-08-31 06:59:13',0,'2023-08-31 06:59:13',0,NULL),(462,70,1.306,'2021-12-31 23:00:00',NULL,NULL,NULL,'2023-08-31 06:59:13',0,'2023-08-31 06:59:13',0,NULL),(463,70,1.176,'2022-01-31 23:00:00',NULL,NULL,NULL,'2023-08-31 06:59:13',0,'2023-08-31 06:59:13',0,NULL),(464,70,1.293,'2022-01-31 23:00:00',NULL,NULL,NULL,'2023-08-31 06:59:13',0,'2023-08-31 06:59:13',0,NULL),(465,70,1.616,'2022-01-31 23:00:00',NULL,NULL,NULL,'2023-08-31 06:59:13',0,'2023-08-31 06:59:13',0,NULL),(466,70,1.132,'2022-02-28 23:00:00',NULL,NULL,NULL,'2023-08-31 06:59:13',0,'2023-08-31 06:59:13',0,NULL),(467,70,1.245,'2022-02-28 23:00:00',NULL,NULL,NULL,'2023-08-31 06:59:13',0,'2023-08-31 06:59:13',0,NULL),(468,70,1.556,'2022-02-28 23:00:00',NULL,NULL,NULL,'2023-08-31 06:59:13',0,'2023-08-31 06:59:13',0,NULL),(469,74,2,'2021-12-31 23:00:00',NULL,NULL,NULL,'2023-08-31 06:59:13',0,'2023-08-31 06:59:13',0,NULL),(470,74,950,'2021-12-31 23:00:00',NULL,NULL,NULL,'2023-08-31 06:59:13',0,'2023-08-31 06:59:13',0,NULL),(471,74,1.045,'2021-12-31 23:00:00',NULL,NULL,NULL,'2023-08-31 06:59:13',0,'2023-08-31 06:59:13',0,NULL),(472,74,1.306,'2022-01-31 23:00:00',NULL,NULL,NULL,'2023-08-31 06:59:13',0,'2023-08-31 06:59:13',0,NULL),(473,74,1.176,'2022-01-31 23:00:00',NULL,NULL,NULL,'2023-08-31 06:59:13',0,'2023-08-31 06:59:13',0,NULL),(474,74,1.293,'2022-01-31 23:00:00',NULL,NULL,NULL,'2023-08-31 06:59:13',0,'2023-08-31 06:59:13',0,NULL),(475,74,1.616,'2022-02-28 23:00:00',NULL,NULL,NULL,'2023-08-31 06:59:13',0,'2023-08-31 06:59:13',0,NULL),(476,74,1.132,'2022-02-28 23:00:00',NULL,NULL,NULL,'2023-08-31 06:59:13',0,'2023-08-31 06:59:13',0,NULL),(477,74,1.245,'2022-02-28 23:00:00',NULL,NULL,NULL,'2023-08-31 06:59:13',0,'2023-08-31 06:59:13',0,NULL),(478,75,2.5,'2021-12-31 23:00:00',NULL,NULL,NULL,'2023-08-31 06:59:13',0,'2023-08-31 06:59:13',0,NULL),(479,75,2.75,'2021-12-31 23:00:00',NULL,NULL,NULL,'2023-08-31 06:59:13',0,'2023-08-31 06:59:13',0,NULL),(480,75,3.438,'2021-12-31 23:00:00',NULL,NULL,NULL,'2023-08-31 06:59:13',0,'2023-08-31 06:59:13',0,NULL),(481,75,3.094,'2022-01-31 23:00:00',NULL,NULL,NULL,'2023-08-31 06:59:13',0,'2023-08-31 06:59:13',0,NULL),(482,75,3.403,'2022-01-31 23:00:00',NULL,NULL,NULL,'2023-08-31 06:59:13',0,'2023-08-31 06:59:13',0,NULL),(483,75,4.254,'2022-01-31 23:00:00',NULL,NULL,NULL,'2023-08-31 06:59:13',0,'2023-08-31 06:59:13',0,NULL),(484,75,2.978,'2022-02-28 23:00:00',NULL,NULL,NULL,'2023-08-31 06:59:13',0,'2023-08-31 06:59:13',0,NULL),(485,75,3.276,'2022-02-28 23:00:00',NULL,NULL,NULL,'2023-08-31 06:59:13',0,'2023-08-31 06:59:13',0,NULL),(486,75,4.094,'2022-02-28 23:00:00',NULL,NULL,NULL,'2023-08-31 06:59:13',0,'2023-08-31 06:59:13',0,NULL),(487,76,3,'2021-12-31 23:00:00',NULL,NULL,NULL,'2023-08-31 06:59:13',0,'2023-08-31 06:59:13',0,NULL),(488,76,3.3,'2021-12-31 23:00:00',NULL,NULL,NULL,'2023-08-31 06:59:13',0,'2023-08-31 06:59:13',0,NULL),(489,76,4.125,'2021-12-31 23:00:00',NULL,NULL,NULL,'2023-08-31 06:59:13',0,'2023-08-31 06:59:13',0,NULL),(490,76,3.713,'2022-01-31 23:00:00',NULL,NULL,NULL,'2023-08-31 06:59:13',0,'2023-08-31 06:59:13',0,NULL),(491,76,4.084,'2022-01-31 23:00:00',NULL,NULL,NULL,'2023-08-31 06:59:13',0,'2023-08-31 06:59:13',0,NULL),(492,76,5.105,'2022-01-31 23:00:00',NULL,NULL,NULL,'2023-08-31 06:59:13',0,'2023-08-31 06:59:13',0,NULL),(493,76,3.573,'2022-02-28 23:00:00',NULL,NULL,NULL,'2023-08-31 06:59:13',0,'2023-08-31 06:59:13',0,NULL),(494,76,3.931,'2022-02-28 23:00:00',NULL,NULL,NULL,'2023-08-31 06:59:13',0,'2023-08-31 06:59:13',0,NULL),(495,76,4.913,'2022-02-28 23:00:00',NULL,NULL,NULL,'2023-08-31 06:59:13',0,'2023-08-31 06:59:13',0,NULL),(496,78,3.5,'2021-12-31 23:00:00',NULL,NULL,NULL,'2023-08-31 06:59:13',0,'2023-08-31 06:59:13',0,NULL),(497,78,3.85,'2021-12-31 23:00:00',NULL,NULL,NULL,'2023-08-31 06:59:13',0,'2023-08-31 06:59:13',0,NULL),(498,78,4.813,'2021-12-31 23:00:00',NULL,NULL,NULL,'2023-08-31 06:59:13',0,'2023-08-31 06:59:13',0,NULL),(499,78,4.331,'2022-01-31 23:00:00',NULL,NULL,NULL,'2023-08-31 06:59:13',0,'2023-08-31 06:59:13',0,NULL),(500,78,4.764,'2022-01-31 23:00:00',NULL,NULL,NULL,'2023-08-31 06:59:13',0,'2023-08-31 06:59:13',0,NULL),(501,78,5.955,'2022-01-31 23:00:00',NULL,NULL,NULL,'2023-08-31 06:59:13',0,'2023-08-31 06:59:13',0,NULL),(502,78,4.169,'2022-02-28 23:00:00',NULL,NULL,NULL,'2023-08-31 06:59:13',0,'2023-08-31 06:59:13',0,NULL),(503,78,4.586,'2022-02-28 23:00:00',NULL,NULL,NULL,'2023-08-31 06:59:13',0,'2023-08-31 06:59:13',0,NULL),(504,78,5.732,'2022-02-28 23:00:00',NULL,NULL,NULL,'2023-08-31 06:59:13',0,'2023-08-31 06:59:13',0,NULL),(505,79,4,'2021-12-31 23:00:00',NULL,NULL,NULL,'2023-08-31 06:59:13',0,'2023-08-31 06:59:13',0,NULL),(506,79,4.4,'2021-12-31 23:00:00',NULL,NULL,NULL,'2023-08-31 06:59:13',0,'2023-08-31 06:59:13',0,NULL),(507,79,5.5,'2021-12-31 23:00:00',NULL,NULL,NULL,'2023-08-31 06:59:13',0,'2023-08-31 06:59:13',0,NULL),(508,79,4.95,'2022-01-31 23:00:00',NULL,NULL,NULL,'2023-08-31 06:59:13',0,'2023-08-31 06:59:13',0,NULL),(509,79,5.445,'2022-01-31 23:00:00',NULL,NULL,NULL,'2023-08-31 06:59:13',0,'2023-08-31 06:59:13',0,NULL),(510,79,6.806,'2022-01-31 23:00:00',NULL,NULL,NULL,'2023-08-31 06:59:13',0,'2023-08-31 06:59:13',0,NULL),(511,79,4.764,'2022-02-28 23:00:00',NULL,NULL,NULL,'2023-08-31 06:59:13',0,'2023-08-31 06:59:13',0,NULL),(512,79,5.241,'2022-02-28 23:00:00',NULL,NULL,NULL,'2023-08-31 06:59:13',0,'2023-08-31 06:59:13',0,NULL),(513,79,6.551,'2022-02-28 23:00:00',NULL,NULL,NULL,'2023-08-31 06:59:13',0,'2023-08-31 06:59:13',0,NULL),(514,80,4.5,'2021-12-31 23:00:00',NULL,NULL,NULL,'2023-08-31 06:59:13',0,'2023-08-31 06:59:13',0,NULL),(515,80,4.95,'2021-12-31 23:00:00',NULL,NULL,NULL,'2023-08-31 06:59:13',0,'2023-08-31 06:59:13',0,NULL),(516,80,6.188,'2021-12-31 23:00:00',NULL,NULL,NULL,'2023-08-31 06:59:13',0,'2023-08-31 06:59:13',0,NULL),(517,80,5.569,'2022-01-31 23:00:00',NULL,NULL,NULL,'2023-08-31 06:59:13',0,'2023-08-31 06:59:13',0,NULL),(518,80,6.126,'2022-01-31 23:00:00',NULL,NULL,NULL,'2023-08-31 06:59:13',0,'2023-08-31 06:59:13',0,NULL),(519,80,7.657,'2022-01-31 23:00:00',NULL,NULL,NULL,'2023-08-31 06:59:13',0,'2023-08-31 06:59:13',0,NULL),(520,80,5.36,'2022-02-28 23:00:00',NULL,NULL,NULL,'2023-08-31 06:59:13',0,'2023-08-31 06:59:13',0,NULL),(521,80,5.896,'2022-02-28 23:00:00',NULL,NULL,NULL,'2023-08-31 06:59:13',0,'2023-08-31 06:59:13',0,NULL),(522,80,7.37,'2022-02-28 23:00:00',NULL,NULL,NULL,'2023-08-31 06:59:13',0,'2023-08-31 06:59:13',0,NULL),(523,82,5,'2021-12-31 23:00:00',NULL,NULL,NULL,'2023-08-31 06:59:13',0,'2023-08-31 06:59:13',0,NULL),(524,82,5.5,'2021-12-31 23:00:00',NULL,NULL,NULL,'2023-08-31 06:59:13',0,'2023-08-31 06:59:13',0,NULL),(525,82,6.875,'2021-12-31 23:00:00',NULL,NULL,NULL,'2023-08-31 06:59:13',0,'2023-08-31 06:59:13',0,NULL),(526,82,6.188,'2022-01-31 23:00:00',NULL,NULL,NULL,'2023-08-31 06:59:13',0,'2023-08-31 06:59:13',0,NULL),(527,82,6.806,'2022-01-31 23:00:00',NULL,NULL,NULL,'2023-08-31 06:59:13',0,'2023-08-31 06:59:13',0,NULL),(528,82,8.508,'2022-01-31 23:00:00',NULL,NULL,NULL,'2023-08-31 06:59:13',0,'2023-08-31 06:59:13',0,NULL),(529,82,5.955,'2022-02-28 23:00:00',NULL,NULL,NULL,'2023-08-31 06:59:13',0,'2023-08-31 06:59:13',0,NULL),(530,82,6.551,'2022-02-28 23:00:00',NULL,NULL,NULL,'2023-08-31 06:59:13',0,'2023-08-31 06:59:13',0,NULL),(531,82,8.189,'2022-02-28 23:00:00',NULL,NULL,NULL,'2023-08-31 06:59:13',0,'2023-08-31 06:59:13',0,NULL),(532,83,5.5,'2021-12-31 23:00:00',NULL,NULL,NULL,'2023-08-31 06:59:13',0,'2023-08-31 06:59:13',0,NULL),(533,83,6.05,'2021-12-31 23:00:00',NULL,NULL,NULL,'2023-08-31 06:59:13',0,'2023-08-31 06:59:13',0,NULL),(534,83,7.563,'2021-12-31 23:00:00',NULL,NULL,NULL,'2023-08-31 06:59:13',0,'2023-08-31 06:59:13',0,NULL),(535,83,6.806,'2022-01-31 23:00:00',NULL,NULL,NULL,'2023-08-31 06:59:13',0,'2023-08-31 06:59:13',0,NULL),(536,83,7.487,'2022-01-31 23:00:00',NULL,NULL,NULL,'2023-08-31 06:59:13',0,'2023-08-31 06:59:13',0,NULL),(537,83,9.359,'2022-01-31 23:00:00',NULL,NULL,NULL,'2023-08-31 06:59:13',0,'2023-08-31 06:59:13',0,NULL),(538,83,6.551,'2022-02-28 23:00:00',NULL,NULL,NULL,'2023-08-31 06:59:13',0,'2023-08-31 06:59:13',0,NULL),(539,83,7.206,'2022-02-28 23:00:00',NULL,NULL,NULL,'2023-08-31 06:59:13',0,'2023-08-31 06:59:13',0,NULL),(540,83,9.008,'2022-02-28 23:00:00',NULL,NULL,NULL,'2023-08-31 06:59:13',0,'2023-08-31 06:59:13',0,NULL),(541,84,800,'2021-12-31 23:00:00',NULL,NULL,NULL,'2023-08-31 06:59:13',0,'2023-08-31 06:59:13',0,NULL),(542,84,880,'2021-12-31 23:00:00',NULL,NULL,NULL,'2023-08-31 06:59:13',0,'2023-08-31 06:59:13',0,NULL),(543,84,1.1,'2021-12-31 23:00:00',NULL,NULL,NULL,'2023-08-31 06:59:13',0,'2023-08-31 06:59:13',0,NULL),(544,84,990,'2022-01-31 23:00:00',NULL,NULL,NULL,'2023-08-31 06:59:13',0,'2023-08-31 06:59:13',0,NULL),(545,84,1.089,'2022-01-31 23:00:00',NULL,NULL,NULL,'2023-08-31 06:59:13',0,'2023-08-31 06:59:13',0,NULL),(546,84,1.361,'2022-01-31 23:00:00',NULL,NULL,NULL,'2023-08-31 06:59:13',0,'2023-08-31 06:59:13',0,NULL),(547,84,953,'2022-02-28 23:00:00',NULL,NULL,NULL,'2023-08-31 06:59:13',0,'2023-08-31 06:59:13',0,NULL),(548,84,1.048,'2022-02-28 23:00:00',NULL,NULL,NULL,'2023-08-31 06:59:13',0,'2023-08-31 06:59:13',0,NULL),(549,84,1.31,'2022-02-28 23:00:00',NULL,NULL,NULL,'2023-08-31 06:59:13',0,'2023-08-31 06:59:13',0,NULL),(550,89,100,'2021-12-31 23:00:00',NULL,NULL,NULL,'2023-08-31 06:59:14',0,'2023-08-31 06:59:14',0,NULL),(551,89,110,'2021-12-31 23:00:00',NULL,NULL,NULL,'2023-08-31 06:59:14',0,'2023-08-31 06:59:14',0,NULL),(552,89,138,'2021-12-31 23:00:00',NULL,NULL,NULL,'2023-08-31 06:59:14',0,'2023-08-31 06:59:14',0,NULL),(553,89,124,'2022-01-31 23:00:00',NULL,NULL,NULL,'2023-08-31 06:59:14',0,'2023-08-31 06:59:14',0,NULL),(554,89,136,'2022-01-31 23:00:00',NULL,NULL,NULL,'2023-08-31 06:59:14',0,'2023-08-31 06:59:14',0,NULL),(555,89,170,'2022-01-31 23:00:00',NULL,NULL,NULL,'2023-08-31 06:59:14',0,'2023-08-31 06:59:14',0,NULL),(556,89,119,'2022-02-28 23:00:00',NULL,NULL,NULL,'2023-08-31 06:59:14',0,'2023-08-31 06:59:14',0,NULL),(557,89,131,'2022-02-28 23:00:00',NULL,NULL,NULL,'2023-08-31 06:59:14',0,'2023-08-31 06:59:14',0,NULL),(558,89,164,'2022-02-28 23:00:00',NULL,NULL,NULL,'2023-08-31 06:59:14',0,'2023-08-31 06:59:14',0,NULL),(559,90,70,'2021-12-31 23:00:00',NULL,NULL,NULL,'2023-08-31 06:59:14',0,'2023-08-31 06:59:14',0,NULL),(560,90,77,'2021-12-31 23:00:00',NULL,NULL,NULL,'2023-08-31 06:59:14',0,'2023-08-31 06:59:14',0,NULL),(561,90,96,'2021-12-31 23:00:00',NULL,NULL,NULL,'2023-08-31 06:59:14',0,'2023-08-31 06:59:14',0,NULL),(562,90,87,'2022-01-31 23:00:00',NULL,NULL,NULL,'2023-08-31 06:59:14',0,'2023-08-31 06:59:14',0,NULL),(563,90,95,'2022-01-31 23:00:00',NULL,NULL,NULL,'2023-08-31 06:59:14',0,'2023-08-31 06:59:14',0,NULL),(564,90,119,'2022-01-31 23:00:00',NULL,NULL,NULL,'2023-08-31 06:59:14',0,'2023-08-31 06:59:14',0,NULL),(565,90,83,'2022-02-28 23:00:00',NULL,NULL,NULL,'2023-08-31 06:59:14',0,'2023-08-31 06:59:14',0,NULL),(566,90,92,'2022-02-28 23:00:00',NULL,NULL,NULL,'2023-08-31 06:59:14',0,'2023-08-31 06:59:14',0,NULL),(567,90,115,'2022-02-28 23:00:00',NULL,NULL,NULL,'2023-08-31 06:59:14',0,'2023-08-31 06:59:14',0,NULL),(568,91,25,'2021-12-31 23:00:00',NULL,NULL,NULL,'2023-08-31 06:59:14',0,'2023-08-31 06:59:14',0,NULL),(569,91,28,'2021-12-31 23:00:00',NULL,NULL,NULL,'2023-08-31 06:59:14',0,'2023-08-31 06:59:14',0,NULL),(570,91,34,'2021-12-31 23:00:00',NULL,NULL,NULL,'2023-08-31 06:59:14',0,'2023-08-31 06:59:14',0,NULL),(571,91,31,'2022-01-31 23:00:00',NULL,NULL,NULL,'2023-08-31 06:59:14',0,'2023-08-31 06:59:14',0,NULL),(572,91,34,'2022-01-31 23:00:00',NULL,NULL,NULL,'2023-08-31 06:59:14',0,'2023-08-31 06:59:14',0,NULL),(573,91,43,'2022-01-31 23:00:00',NULL,NULL,NULL,'2023-08-31 06:59:14',0,'2023-08-31 06:59:14',0,NULL),(574,91,30,'2022-02-28 23:00:00',NULL,NULL,NULL,'2023-08-31 06:59:14',0,'2023-08-31 06:59:14',0,NULL),(575,91,33,'2022-02-28 23:00:00',NULL,NULL,NULL,'2023-08-31 06:59:14',0,'2023-08-31 06:59:14',0,NULL),(576,91,41,'2022-02-28 23:00:00',NULL,NULL,NULL,'2023-08-31 06:59:14',0,'2023-08-31 06:59:14',0,NULL),(577,92,60,'2021-12-31 23:00:00',NULL,NULL,NULL,'2023-08-31 06:59:14',0,'2023-08-31 06:59:14',0,NULL),(578,92,66,'2021-12-31 23:00:00',NULL,NULL,NULL,'2023-08-31 06:59:14',0,'2023-08-31 06:59:14',0,NULL),(579,92,83,'2021-12-31 23:00:00',NULL,NULL,NULL,'2023-08-31 06:59:14',0,'2023-08-31 06:59:14',0,NULL),(580,92,74,'2022-01-31 23:00:00',NULL,NULL,NULL,'2023-08-31 06:59:14',0,'2023-08-31 06:59:14',0,NULL),(581,92,82,'2022-01-31 23:00:00',NULL,NULL,NULL,'2023-08-31 06:59:14',0,'2023-08-31 06:59:14',0,NULL),(582,92,102,'2022-01-31 23:00:00',NULL,NULL,NULL,'2023-08-31 06:59:14',0,'2023-08-31 06:59:14',0,NULL),(583,92,71,'2022-02-28 23:00:00',NULL,NULL,NULL,'2023-08-31 06:59:14',0,'2023-08-31 06:59:14',0,NULL),(584,92,79,'2022-02-28 23:00:00',NULL,NULL,NULL,'2023-08-31 06:59:14',0,'2023-08-31 06:59:14',0,NULL),(585,92,98,'2022-02-28 23:00:00',NULL,NULL,NULL,'2023-08-31 06:59:14',0,'2023-08-31 06:59:14',0,NULL),(586,93,90,'2021-12-31 23:00:00',NULL,NULL,NULL,'2023-08-31 06:59:14',0,'2023-08-31 06:59:14',0,NULL),(587,93,99,'2021-12-31 23:00:00',NULL,NULL,NULL,'2023-08-31 06:59:14',0,'2023-08-31 06:59:14',0,NULL),(588,93,124,'2021-12-31 23:00:00',NULL,NULL,NULL,'2023-08-31 06:59:14',0,'2023-08-31 06:59:14',0,NULL),(589,93,111,'2022-01-31 23:00:00',NULL,NULL,NULL,'2023-08-31 06:59:14',0,'2023-08-31 06:59:14',0,NULL),(590,93,123,'2022-01-31 23:00:00',NULL,NULL,NULL,'2023-08-31 06:59:14',0,'2023-08-31 06:59:14',0,NULL),(591,93,153,'2022-01-31 23:00:00',NULL,NULL,NULL,'2023-08-31 06:59:14',0,'2023-08-31 06:59:14',0,NULL),(592,93,107,'2022-02-28 23:00:00',NULL,NULL,NULL,'2023-08-31 06:59:14',0,'2023-08-31 06:59:14',0,NULL),(593,93,118,'2022-02-28 23:00:00',NULL,NULL,NULL,'2023-08-31 06:59:14',0,'2023-08-31 06:59:14',0,NULL),(594,93,147,'2022-02-28 23:00:00',NULL,NULL,NULL,'2023-08-31 06:59:14',0,'2023-08-31 06:59:14',0,NULL),(595,94,0,'2021-12-31 23:00:00',NULL,NULL,NULL,'2023-08-31 06:59:15',0,'2023-08-31 06:59:15',0,NULL),(596,94,0,'2021-12-31 23:00:00',NULL,NULL,NULL,'2023-08-31 06:59:15',0,'2023-08-31 06:59:15',0,NULL),(597,94,0,'2021-12-31 23:00:00',NULL,NULL,NULL,'2023-08-31 06:59:15',0,'2023-08-31 06:59:15',0,NULL),(598,94,0,'2022-01-31 23:00:00',NULL,NULL,NULL,'2023-08-31 06:59:15',0,'2023-08-31 06:59:15',0,NULL),(599,94,0,'2022-01-31 23:00:00',NULL,NULL,NULL,'2023-08-31 06:59:15',0,'2023-08-31 06:59:15',0,NULL),(600,94,0,'2022-01-31 23:00:00',NULL,NULL,NULL,'2023-08-31 06:59:15',0,'2023-08-31 06:59:15',0,NULL),(601,94,0,'2022-02-28 23:00:00',NULL,NULL,NULL,'2023-08-31 06:59:15',0,'2023-08-31 06:59:15',0,NULL),(602,94,0,'2022-02-28 23:00:00',NULL,NULL,NULL,'2023-08-31 06:59:15',0,'2023-08-31 06:59:15',0,NULL),(603,94,0,'2022-02-28 23:00:00',NULL,NULL,NULL,'2023-08-31 06:59:15',0,'2023-08-31 06:59:15',0,NULL),(604,97,100,'2021-12-31 23:00:00',NULL,NULL,NULL,'2023-08-31 06:59:15',0,'2023-08-31 06:59:15',0,NULL),(605,97,110,'2021-12-31 23:00:00',NULL,NULL,NULL,'2023-08-31 06:59:15',0,'2023-08-31 06:59:15',0,NULL),(606,97,138,'2021-12-31 23:00:00',NULL,NULL,NULL,'2023-08-31 06:59:15',0,'2023-08-31 06:59:15',0,NULL),(607,97,124,'2022-01-31 23:00:00',NULL,NULL,NULL,'2023-08-31 06:59:15',0,'2023-08-31 06:59:15',0,NULL),(608,97,136,'2022-01-31 23:00:00',NULL,NULL,NULL,'2023-08-31 06:59:15',0,'2023-08-31 06:59:15',0,NULL),(609,97,170,'2022-01-31 23:00:00',NULL,NULL,NULL,'2023-08-31 06:59:15',0,'2023-08-31 06:59:15',0,NULL),(610,97,119,'2022-02-28 23:00:00',NULL,NULL,NULL,'2023-08-31 06:59:15',0,'2023-08-31 06:59:15',0,NULL),(611,97,131,'2022-02-28 23:00:00',NULL,NULL,NULL,'2023-08-31 06:59:15',0,'2023-08-31 06:59:15',0,NULL),(612,97,164,'2022-02-28 23:00:00',NULL,NULL,NULL,'2023-08-31 06:59:15',0,'2023-08-31 06:59:15',0,NULL),(613,98,70,'2021-12-31 23:00:00',NULL,NULL,NULL,'2023-08-31 06:59:15',0,'2023-08-31 06:59:15',0,NULL),(614,98,77,'2021-12-31 23:00:00',NULL,NULL,NULL,'2023-08-31 06:59:15',0,'2023-08-31 06:59:15',0,NULL),(615,98,96,'2021-12-31 23:00:00',NULL,NULL,NULL,'2023-08-31 06:59:15',0,'2023-08-31 06:59:15',0,NULL),(616,98,87,'2022-01-31 23:00:00',NULL,NULL,NULL,'2023-08-31 06:59:15',0,'2023-08-31 06:59:15',0,NULL),(617,98,95,'2022-01-31 23:00:00',NULL,NULL,NULL,'2023-08-31 06:59:15',0,'2023-08-31 06:59:15',0,NULL),(618,98,119,'2022-01-31 23:00:00',NULL,NULL,NULL,'2023-08-31 06:59:15',0,'2023-08-31 06:59:15',0,NULL),(619,98,83,'2022-02-28 23:00:00',NULL,NULL,NULL,'2023-08-31 06:59:15',0,'2023-08-31 06:59:15',0,NULL),(620,98,92,'2022-02-28 23:00:00',NULL,NULL,NULL,'2023-08-31 06:59:15',0,'2023-08-31 06:59:15',0,NULL),(621,98,115,'2022-02-28 23:00:00',NULL,NULL,NULL,'2023-08-31 06:59:15',0,'2023-08-31 06:59:15',0,NULL),(622,99,25,'2021-12-31 23:00:00',NULL,NULL,NULL,'2023-08-31 06:59:15',0,'2023-08-31 06:59:15',0,NULL),(623,99,28,'2021-12-31 23:00:00',NULL,NULL,NULL,'2023-08-31 06:59:15',0,'2023-08-31 06:59:15',0,NULL),(624,99,34,'2021-12-31 23:00:00',NULL,NULL,NULL,'2023-08-31 06:59:15',0,'2023-08-31 06:59:15',0,NULL),(625,99,31,'2022-01-31 23:00:00',NULL,NULL,NULL,'2023-08-31 06:59:15',0,'2023-08-31 06:59:15',0,NULL),(626,99,34,'2022-01-31 23:00:00',NULL,NULL,NULL,'2023-08-31 06:59:15',0,'2023-08-31 06:59:15',0,NULL),(627,99,43,'2022-01-31 23:00:00',NULL,NULL,NULL,'2023-08-31 06:59:15',0,'2023-08-31 06:59:15',0,NULL),(628,99,30,'2022-02-28 23:00:00',NULL,NULL,NULL,'2023-08-31 06:59:15',0,'2023-08-31 06:59:15',0,NULL),(629,99,33,'2022-02-28 23:00:00',NULL,NULL,NULL,'2023-08-31 06:59:15',0,'2023-08-31 06:59:15',0,NULL),(630,99,41,'2022-02-28 23:00:00',NULL,NULL,NULL,'2023-08-31 06:59:15',0,'2023-08-31 06:59:15',0,NULL),(631,100,60,'2021-12-31 23:00:00',NULL,NULL,NULL,'2023-08-31 06:59:15',0,'2023-08-31 06:59:15',0,NULL),(632,100,66,'2021-12-31 23:00:00',NULL,NULL,NULL,'2023-08-31 06:59:15',0,'2023-08-31 06:59:15',0,NULL),(633,100,83,'2021-12-31 23:00:00',NULL,NULL,NULL,'2023-08-31 06:59:15',0,'2023-08-31 06:59:15',0,NULL),(634,100,74,'2022-01-31 23:00:00',NULL,NULL,NULL,'2023-08-31 06:59:15',0,'2023-08-31 06:59:15',0,NULL),(635,100,82,'2022-01-31 23:00:00',NULL,NULL,NULL,'2023-08-31 06:59:15',0,'2023-08-31 06:59:15',0,NULL),(636,100,102,'2022-01-31 23:00:00',NULL,NULL,NULL,'2023-08-31 06:59:15',0,'2023-08-31 06:59:15',0,NULL),(637,100,71,'2022-02-28 23:00:00',NULL,NULL,NULL,'2023-08-31 06:59:15',0,'2023-08-31 06:59:15',0,NULL),(638,100,79,'2022-02-28 23:00:00',NULL,NULL,NULL,'2023-08-31 06:59:15',0,'2023-08-31 06:59:15',0,NULL),(639,100,98,'2022-02-28 23:00:00',NULL,NULL,NULL,'2023-08-31 06:59:15',0,'2023-08-31 06:59:15',0,NULL),(640,101,0,'2021-12-31 23:00:00',NULL,NULL,NULL,'2023-08-31 06:59:15',0,'2023-08-31 06:59:15',0,NULL),(641,101,0,'2021-12-31 23:00:00',NULL,NULL,NULL,'2023-08-31 06:59:15',0,'2023-08-31 06:59:15',0,NULL),(642,101,0,'2021-12-31 23:00:00',NULL,NULL,NULL,'2023-08-31 06:59:15',0,'2023-08-31 06:59:15',0,NULL),(643,101,0,'2022-01-31 23:00:00',NULL,NULL,NULL,'2023-08-31 06:59:15',0,'2023-08-31 06:59:15',0,NULL),(644,101,0,'2022-01-31 23:00:00',NULL,NULL,NULL,'2023-08-31 06:59:15',0,'2023-08-31 06:59:15',0,NULL),(645,101,0,'2022-01-31 23:00:00',NULL,NULL,NULL,'2023-08-31 06:59:15',0,'2023-08-31 06:59:15',0,NULL),(646,101,0,'2022-02-28 23:00:00',NULL,NULL,NULL,'2023-08-31 06:59:15',0,'2023-08-31 06:59:15',0,NULL),(647,101,0,'2022-02-28 23:00:00',NULL,NULL,NULL,'2023-08-31 06:59:15',0,'2023-08-31 06:59:15',0,NULL),(648,101,0,'2022-02-28 23:00:00',NULL,NULL,NULL,'2023-08-31 06:59:15',0,'2023-08-31 06:59:15',0,NULL),(649,102,30,'2021-12-31 23:00:00',NULL,NULL,NULL,'2023-08-31 06:59:15',0,'2023-08-31 06:59:15',0,NULL),(650,102,33,'2021-12-31 23:00:00',NULL,NULL,NULL,'2023-08-31 06:59:15',0,'2023-08-31 06:59:15',0,NULL),(651,102,41,'2021-12-31 23:00:00',NULL,NULL,NULL,'2023-08-31 06:59:15',0,'2023-08-31 06:59:15',0,NULL),(652,102,37,'2022-01-31 23:00:00',NULL,NULL,NULL,'2023-08-31 06:59:15',0,'2023-08-31 06:59:15',0,NULL),(653,102,41,'2022-01-31 23:00:00',NULL,NULL,NULL,'2023-08-31 06:59:15',0,'2023-08-31 06:59:15',0,NULL),(654,102,51,'2022-01-31 23:00:00',NULL,NULL,NULL,'2023-08-31 06:59:15',0,'2023-08-31 06:59:15',0,NULL),(655,102,36,'2022-02-28 23:00:00',NULL,NULL,NULL,'2023-08-31 06:59:15',0,'2023-08-31 06:59:15',0,NULL),(656,102,39,'2022-02-28 23:00:00',NULL,NULL,NULL,'2023-08-31 06:59:15',0,'2023-08-31 06:59:15',0,NULL),(657,102,49,'2022-02-28 23:00:00',NULL,NULL,NULL,'2023-08-31 06:59:15',0,'2023-08-31 06:59:15',0,NULL),(658,104,90,'2021-12-31 23:00:00',NULL,NULL,NULL,'2023-08-31 06:59:15',0,'2023-08-31 06:59:15',0,NULL),(659,104,99,'2021-12-31 23:00:00',NULL,NULL,NULL,'2023-08-31 06:59:15',0,'2023-08-31 06:59:15',0,NULL),(660,104,124,'2021-12-31 23:00:00',NULL,NULL,NULL,'2023-08-31 06:59:15',0,'2023-08-31 06:59:15',0,NULL),(661,104,111,'2022-01-31 23:00:00',NULL,NULL,NULL,'2023-08-31 06:59:15',0,'2023-08-31 06:59:15',0,NULL),(662,104,123,'2022-01-31 23:00:00',NULL,NULL,NULL,'2023-08-31 06:59:15',0,'2023-08-31 06:59:15',0,NULL),(663,104,153,'2022-01-31 23:00:00',NULL,NULL,NULL,'2023-08-31 06:59:15',0,'2023-08-31 06:59:15',0,NULL),(664,104,107,'2022-02-28 23:00:00',NULL,NULL,NULL,'2023-08-31 06:59:15',0,'2023-08-31 06:59:15',0,NULL),(665,104,118,'2022-02-28 23:00:00',NULL,NULL,NULL,'2023-08-31 06:59:15',0,'2023-08-31 06:59:15',0,NULL),(666,104,147,'2022-02-28 23:00:00',NULL,NULL,NULL,'2023-08-31 06:59:15',0,'2023-08-31 06:59:15',0,NULL),(667,105,200,'2021-12-31 23:00:00',NULL,NULL,NULL,'2023-08-31 06:59:15',0,'2023-08-31 06:59:15',0,NULL),(668,105,220,'2021-12-31 23:00:00',NULL,NULL,NULL,'2023-08-31 06:59:15',0,'2023-08-31 06:59:15',0,NULL),(669,105,275,'2021-12-31 23:00:00',NULL,NULL,NULL,'2023-08-31 06:59:15',0,'2023-08-31 06:59:15',0,NULL),(670,105,248,'2022-01-31 23:00:00',NULL,NULL,NULL,'2023-08-31 06:59:15',0,'2023-08-31 06:59:15',0,NULL),(671,105,272,'2022-01-31 23:00:00',NULL,NULL,NULL,'2023-08-31 06:59:15',0,'2023-08-31 06:59:15',0,NULL),(672,105,340,'2022-01-31 23:00:00',NULL,NULL,NULL,'2023-08-31 06:59:16',0,'2023-08-31 06:59:16',0,NULL),(673,105,238,'2022-02-28 23:00:00',NULL,NULL,NULL,'2023-08-31 06:59:16',0,'2023-08-31 06:59:16',0,NULL),(674,105,262,'2022-02-28 23:00:00',NULL,NULL,NULL,'2023-08-31 06:59:16',0,'2023-08-31 06:59:16',0,NULL),(675,105,328,'2022-02-28 23:00:00',NULL,NULL,NULL,'2023-08-31 06:59:16',0,'2023-08-31 06:59:16',0,NULL),(676,108,80,'2021-12-31 23:00:00',NULL,NULL,NULL,'2023-08-31 06:59:16',0,'2023-08-31 06:59:16',0,NULL),(677,108,88,'2021-12-31 23:00:00',NULL,NULL,NULL,'2023-08-31 06:59:16',0,'2023-08-31 06:59:16',0,NULL),(678,108,110,'2021-12-31 23:00:00',NULL,NULL,NULL,'2023-08-31 06:59:16',0,'2023-08-31 06:59:16',0,NULL),(679,108,99,'2022-01-31 23:00:00',NULL,NULL,NULL,'2023-08-31 06:59:16',0,'2023-08-31 06:59:16',0,NULL),(680,108,109,'2022-01-31 23:00:00',NULL,NULL,NULL,'2023-08-31 06:59:16',0,'2023-08-31 06:59:16',0,NULL),(681,108,136,'2022-01-31 23:00:00',NULL,NULL,NULL,'2023-08-31 06:59:16',0,'2023-08-31 06:59:16',0,NULL),(682,108,95,'2022-02-28 23:00:00',NULL,NULL,NULL,'2023-08-31 06:59:16',0,'2023-08-31 06:59:16',0,NULL),(683,108,105,'2022-02-28 23:00:00',NULL,NULL,NULL,'2023-08-31 06:59:16',0,'2023-08-31 06:59:16',0,NULL),(684,108,131,'2022-02-28 23:00:00',NULL,NULL,NULL,'2023-08-31 06:59:16',0,'2023-08-31 06:59:16',0,NULL),(685,109,150,'2021-12-31 23:00:00',NULL,NULL,NULL,'2023-08-31 06:59:16',0,'2023-08-31 06:59:16',0,NULL),(686,109,165,'2021-12-31 23:00:00',NULL,NULL,NULL,'2023-08-31 06:59:16',0,'2023-08-31 06:59:16',0,NULL),(687,109,206,'2021-12-31 23:00:00',NULL,NULL,NULL,'2023-08-31 06:59:16',0,'2023-08-31 06:59:16',0,NULL),(688,109,186,'2022-01-31 23:00:00',NULL,NULL,NULL,'2023-08-31 06:59:16',0,'2023-08-31 06:59:16',0,NULL),(689,109,204,'2022-01-31 23:00:00',NULL,NULL,NULL,'2023-08-31 06:59:16',0,'2023-08-31 06:59:16',0,NULL),(690,109,255,'2022-01-31 23:00:00',NULL,NULL,NULL,'2023-08-31 06:59:16',0,'2023-08-31 06:59:16',0,NULL),(691,109,179,'2022-02-28 23:00:00',NULL,NULL,NULL,'2023-08-31 06:59:16',0,'2023-08-31 06:59:16',0,NULL),(692,109,197,'2022-02-28 23:00:00',NULL,NULL,NULL,'2023-08-31 06:59:16',0,'2023-08-31 06:59:16',0,NULL),(693,109,246,'2022-02-28 23:00:00',NULL,NULL,NULL,'2023-08-31 06:59:16',0,'2023-08-31 06:59:16',0,NULL),(694,110,120,'2021-12-31 23:00:00',NULL,NULL,NULL,'2023-08-31 06:59:16',0,'2023-08-31 06:59:16',0,NULL),(695,110,132,'2021-12-31 23:00:00',NULL,NULL,NULL,'2023-08-31 06:59:16',0,'2023-08-31 06:59:16',0,NULL),(696,110,165,'2021-12-31 23:00:00',NULL,NULL,NULL,'2023-08-31 06:59:16',0,'2023-08-31 06:59:16',0,NULL),(697,110,149,'2022-01-31 23:00:00',NULL,NULL,NULL,'2023-08-31 06:59:16',0,'2023-08-31 06:59:16',0,NULL),(698,110,163,'2022-01-31 23:00:00',NULL,NULL,NULL,'2023-08-31 06:59:16',0,'2023-08-31 06:59:16',0,NULL),(699,110,204,'2022-01-31 23:00:00',NULL,NULL,NULL,'2023-08-31 06:59:16',0,'2023-08-31 06:59:16',0,NULL),(700,110,143,'2022-02-28 23:00:00',NULL,NULL,NULL,'2023-08-31 06:59:16',0,'2023-08-31 06:59:16',0,NULL),(701,110,157,'2022-02-28 23:00:00',NULL,NULL,NULL,'2023-08-31 06:59:16',0,'2023-08-31 06:59:16',0,NULL),(702,110,197,'2022-02-28 23:00:00',NULL,NULL,NULL,'2023-08-31 06:59:16',0,'2023-08-31 06:59:16',0,NULL),(703,111,40,'2021-12-31 23:00:00',NULL,NULL,NULL,'2023-08-31 06:59:16',0,'2023-08-31 06:59:16',0,NULL),(704,111,44,'2021-12-31 23:00:00',NULL,NULL,NULL,'2023-08-31 06:59:16',0,'2023-08-31 06:59:16',0,NULL),(705,111,55,'2021-12-31 23:00:00',NULL,NULL,NULL,'2023-08-31 06:59:16',0,'2023-08-31 06:59:16',0,NULL),(706,111,50,'2022-01-31 23:00:00',NULL,NULL,NULL,'2023-08-31 06:59:16',0,'2023-08-31 06:59:16',0,NULL),(707,111,54,'2022-01-31 23:00:00',NULL,NULL,NULL,'2023-08-31 06:59:16',0,'2023-08-31 06:59:16',0,NULL),(708,111,68,'2022-01-31 23:00:00',NULL,NULL,NULL,'2023-08-31 06:59:16',0,'2023-08-31 06:59:16',0,NULL),(709,111,48,'2022-02-28 23:00:00',NULL,NULL,NULL,'2023-08-31 06:59:16',0,'2023-08-31 06:59:16',0,NULL),(710,111,52,'2022-02-28 23:00:00',NULL,NULL,NULL,'2023-08-31 06:59:16',0,'2023-08-31 06:59:16',0,NULL),(711,111,66,'2022-02-28 23:00:00',NULL,NULL,NULL,'2023-08-31 06:59:16',0,'2023-08-31 06:59:16',0,NULL),(712,113,200,'2021-12-31 23:00:00',NULL,NULL,NULL,'2023-08-31 06:59:16',0,'2023-08-31 06:59:16',0,NULL),(713,113,220,'2021-12-31 23:00:00',NULL,NULL,NULL,'2023-08-31 06:59:16',0,'2023-08-31 06:59:16',0,NULL),(714,113,275,'2021-12-31 23:00:00',NULL,NULL,NULL,'2023-08-31 06:59:16',0,'2023-08-31 06:59:16',0,NULL),(715,113,248,'2022-01-31 23:00:00',NULL,NULL,NULL,'2023-08-31 06:59:16',0,'2023-08-31 06:59:16',0,NULL),(716,113,272,'2022-01-31 23:00:00',NULL,NULL,NULL,'2023-08-31 06:59:16',0,'2023-08-31 06:59:16',0,NULL),(717,113,340,'2022-01-31 23:00:00',NULL,NULL,NULL,'2023-08-31 06:59:16',0,'2023-08-31 06:59:16',0,NULL),(718,113,238,'2022-02-28 23:00:00',NULL,NULL,NULL,'2023-08-31 06:59:16',0,'2023-08-31 06:59:16',0,NULL),(719,113,262,'2022-02-28 23:00:00',NULL,NULL,NULL,'2023-08-31 06:59:16',0,'2023-08-31 06:59:16',0,NULL),(720,113,328,'2022-02-28 23:00:00',NULL,NULL,NULL,'2023-08-31 06:59:16',0,'2023-08-31 06:59:16',0,NULL),(721,114,110,'2021-12-31 23:00:00',NULL,NULL,NULL,'2023-08-31 06:59:16',0,'2023-08-31 06:59:16',0,NULL),(722,114,121,'2021-12-31 23:00:00',NULL,NULL,NULL,'2023-08-31 06:59:16',0,'2023-08-31 06:59:16',0,NULL),(723,114,151,'2021-12-31 23:00:00',NULL,NULL,NULL,'2023-08-31 06:59:16',0,'2023-08-31 06:59:16',0,NULL),(724,114,136,'2022-01-31 23:00:00',NULL,NULL,NULL,'2023-08-31 06:59:16',0,'2023-08-31 06:59:16',0,NULL),(725,114,150,'2022-01-31 23:00:00',NULL,NULL,NULL,'2023-08-31 06:59:16',0,'2023-08-31 06:59:16',0,NULL),(726,114,187,'2022-01-31 23:00:00',NULL,NULL,NULL,'2023-08-31 06:59:16',0,'2023-08-31 06:59:16',0,NULL),(727,114,131,'2022-02-28 23:00:00',NULL,NULL,NULL,'2023-08-31 06:59:16',0,'2023-08-31 06:59:16',0,NULL),(728,114,144,'2022-02-28 23:00:00',NULL,NULL,NULL,'2023-08-31 06:59:16',0,'2023-08-31 06:59:16',0,NULL),(729,114,180,'2022-02-28 23:00:00',NULL,NULL,NULL,'2023-08-31 06:59:16',0,'2023-08-31 06:59:16',0,NULL),(730,115,60,'2021-12-31 23:00:00',NULL,NULL,NULL,'2023-08-31 06:59:16',0,'2023-08-31 06:59:16',0,NULL),(731,115,66,'2021-12-31 23:00:00',NULL,NULL,NULL,'2023-08-31 06:59:16',0,'2023-08-31 06:59:16',0,NULL),(732,115,83,'2021-12-31 23:00:00',NULL,NULL,NULL,'2023-08-31 06:59:16',0,'2023-08-31 06:59:16',0,NULL),(733,115,74,'2022-01-31 23:00:00',NULL,NULL,NULL,'2023-08-31 06:59:16',0,'2023-08-31 06:59:16',0,NULL),(734,115,82,'2022-01-31 23:00:00',NULL,NULL,NULL,'2023-08-31 06:59:16',0,'2023-08-31 06:59:16',0,NULL),(735,115,102,'2022-01-31 23:00:00',NULL,NULL,NULL,'2023-08-31 06:59:16',0,'2023-08-31 06:59:16',0,NULL),(736,115,71,'2022-02-28 23:00:00',NULL,NULL,NULL,'2023-08-31 06:59:16',0,'2023-08-31 06:59:16',0,NULL),(737,115,79,'2022-02-28 23:00:00',NULL,NULL,NULL,'2023-08-31 06:59:16',0,'2023-08-31 06:59:16',0,NULL),(738,115,98,'2022-02-28 23:00:00',NULL,NULL,NULL,'2023-08-31 06:59:16',0,'2023-08-31 06:59:16',0,NULL),(739,117,60,'2021-12-31 23:00:00',NULL,NULL,NULL,'2023-08-31 06:59:16',0,'2023-08-31 06:59:16',0,NULL),(740,117,66,'2021-12-31 23:00:00',NULL,NULL,NULL,'2023-08-31 06:59:16',0,'2023-08-31 06:59:16',0,NULL),(741,117,83,'2021-12-31 23:00:00',NULL,NULL,NULL,'2023-08-31 06:59:16',0,'2023-08-31 06:59:16',0,NULL),(742,117,74,'2022-01-31 23:00:00',NULL,NULL,NULL,'2023-08-31 06:59:16',0,'2023-08-31 06:59:16',0,NULL),(743,117,82,'2022-01-31 23:00:00',NULL,NULL,NULL,'2023-08-31 06:59:16',0,'2023-08-31 06:59:16',0,NULL),(744,117,102,'2022-01-31 23:00:00',NULL,NULL,NULL,'2023-08-31 06:59:16',0,'2023-08-31 06:59:16',0,NULL),(745,117,71,'2022-02-28 23:00:00',NULL,NULL,NULL,'2023-08-31 06:59:16',0,'2023-08-31 06:59:16',0,NULL),(746,117,79,'2022-02-28 23:00:00',NULL,NULL,NULL,'2023-08-31 06:59:16',0,'2023-08-31 06:59:16',0,NULL),(747,117,98,'2022-02-28 23:00:00',NULL,NULL,NULL,'2023-08-31 06:59:16',0,'2023-08-31 06:59:16',0,NULL),(748,119,100,'2021-12-31 23:00:00',NULL,NULL,NULL,'2023-08-31 06:59:16',0,'2023-08-31 06:59:16',0,NULL),(749,119,110,'2021-12-31 23:00:00',NULL,NULL,NULL,'2023-08-31 06:59:16',0,'2023-08-31 06:59:16',0,NULL),(750,119,138,'2021-12-31 23:00:00',NULL,NULL,NULL,'2023-08-31 06:59:16',0,'2023-08-31 06:59:16',0,NULL),(751,119,124,'2022-01-31 23:00:00',NULL,NULL,NULL,'2023-08-31 06:59:16',0,'2023-08-31 06:59:16',0,NULL),(752,119,136,'2022-01-31 23:00:00',NULL,NULL,NULL,'2023-08-31 06:59:16',0,'2023-08-31 06:59:16',0,NULL),(753,119,170,'2022-01-31 23:00:00',NULL,NULL,NULL,'2023-08-31 06:59:16',0,'2023-08-31 06:59:16',0,NULL),(754,119,119,'2022-02-28 23:00:00',NULL,NULL,NULL,'2023-08-31 06:59:16',0,'2023-08-31 06:59:16',0,NULL),(755,119,131,'2022-02-28 23:00:00',NULL,NULL,NULL,'2023-08-31 06:59:16',0,'2023-08-31 06:59:16',0,NULL),(756,119,164,'2022-02-28 23:00:00',NULL,NULL,NULL,'2023-08-31 06:59:16',0,'2023-08-31 06:59:16',0,NULL),(757,122,100,'2021-12-31 23:00:00',NULL,NULL,NULL,'2023-08-31 06:59:16',0,'2023-08-31 06:59:16',0,NULL),(758,122,110,'2021-12-31 23:00:00',NULL,NULL,NULL,'2023-08-31 06:59:16',0,'2023-08-31 06:59:16',0,NULL),(759,122,138,'2021-12-31 23:00:00',NULL,NULL,NULL,'2023-08-31 06:59:16',0,'2023-08-31 06:59:16',0,NULL),(760,122,124,'2022-01-31 23:00:00',NULL,NULL,NULL,'2023-08-31 06:59:16',0,'2023-08-31 06:59:16',0,NULL),(761,122,136,'2022-01-31 23:00:00',NULL,NULL,NULL,'2023-08-31 06:59:16',0,'2023-08-31 06:59:16',0,NULL),(762,122,170,'2022-01-31 23:00:00',NULL,NULL,NULL,'2023-08-31 06:59:16',0,'2023-08-31 06:59:16',0,NULL),(763,122,119,'2022-02-28 23:00:00',NULL,NULL,NULL,'2023-08-31 06:59:17',0,'2023-08-31 06:59:17',0,NULL),(764,122,131,'2022-02-28 23:00:00',NULL,NULL,NULL,'2023-08-31 06:59:17',0,'2023-08-31 06:59:17',0,NULL),(765,122,164,'2022-02-28 23:00:00',NULL,NULL,NULL,'2023-08-31 06:59:17',0,'2023-08-31 06:59:17',0,NULL),(766,123,170,'2021-12-31 23:00:00',NULL,NULL,NULL,'2023-08-31 06:59:17',0,'2023-08-31 06:59:17',0,NULL),(767,123,187,'2021-12-31 23:00:00',NULL,NULL,NULL,'2023-08-31 06:59:17',0,'2023-08-31 06:59:17',0,NULL),(768,123,234,'2021-12-31 23:00:00',NULL,NULL,NULL,'2023-08-31 06:59:17',0,'2023-08-31 06:59:17',0,NULL),(769,123,210,'2022-01-31 23:00:00',NULL,NULL,NULL,'2023-08-31 06:59:17',0,'2023-08-31 06:59:17',0,NULL),(770,123,231,'2022-01-31 23:00:00',NULL,NULL,NULL,'2023-08-31 06:59:17',0,'2023-08-31 06:59:17',0,NULL),(771,123,289,'2022-01-31 23:00:00',NULL,NULL,NULL,'2023-08-31 06:59:17',0,'2023-08-31 06:59:17',0,NULL),(772,123,202,'2022-02-28 23:00:00',NULL,NULL,NULL,'2023-08-31 06:59:17',0,'2023-08-31 06:59:17',0,NULL),(773,123,223,'2022-02-28 23:00:00',NULL,NULL,NULL,'2023-08-31 06:59:17',0,'2023-08-31 06:59:17',0,NULL),(774,123,278,'2022-02-28 23:00:00',NULL,NULL,NULL,'2023-08-31 06:59:17',0,'2023-08-31 06:59:17',0,NULL),(775,127,40,'2021-12-31 23:00:00',NULL,NULL,NULL,'2023-08-31 06:59:17',0,'2023-08-31 06:59:17',0,NULL),(776,127,44,'2021-12-31 23:00:00',NULL,NULL,NULL,'2023-08-31 06:59:17',0,'2023-08-31 06:59:17',0,NULL),(777,127,55,'2021-12-31 23:00:00',NULL,NULL,NULL,'2023-08-31 06:59:17',0,'2023-08-31 06:59:17',0,NULL),(778,127,50,'2022-01-31 23:00:00',NULL,NULL,NULL,'2023-08-31 06:59:17',0,'2023-08-31 06:59:17',0,NULL),(779,127,54,'2022-01-31 23:00:00',NULL,NULL,NULL,'2023-08-31 06:59:17',0,'2023-08-31 06:59:17',0,NULL),(780,127,68,'2022-01-31 23:00:00',NULL,NULL,NULL,'2023-08-31 06:59:17',0,'2023-08-31 06:59:17',0,NULL),(781,127,48,'2022-02-28 23:00:00',NULL,NULL,NULL,'2023-08-31 06:59:17',0,'2023-08-31 06:59:17',0,NULL),(782,127,52,'2022-02-28 23:00:00',NULL,NULL,NULL,'2023-08-31 06:59:17',0,'2023-08-31 06:59:17',0,NULL),(783,127,66,'2022-02-28 23:00:00',NULL,NULL,NULL,'2023-08-31 06:59:17',0,'2023-08-31 06:59:17',0,NULL),(784,128,25,'2021-12-31 23:00:00',NULL,NULL,NULL,'2023-08-31 06:59:17',0,'2023-08-31 06:59:17',0,NULL),(785,128,28,'2021-12-31 23:00:00',NULL,NULL,NULL,'2023-08-31 06:59:17',0,'2023-08-31 06:59:17',0,NULL),(786,128,34,'2021-12-31 23:00:00',NULL,NULL,NULL,'2023-08-31 06:59:17',0,'2023-08-31 06:59:17',0,NULL),(787,128,31,'2022-01-31 23:00:00',NULL,NULL,NULL,'2023-08-31 06:59:17',0,'2023-08-31 06:59:17',0,NULL),(788,128,34,'2022-01-31 23:00:00',NULL,NULL,NULL,'2023-08-31 06:59:17',0,'2023-08-31 06:59:17',0,NULL),(789,128,43,'2022-01-31 23:00:00',NULL,NULL,NULL,'2023-08-31 06:59:17',0,'2023-08-31 06:59:17',0,NULL),(790,128,30,'2022-02-28 23:00:00',NULL,NULL,NULL,'2023-08-31 06:59:17',0,'2023-08-31 06:59:17',0,NULL),(791,128,33,'2022-02-28 23:00:00',NULL,NULL,NULL,'2023-08-31 06:59:17',0,'2023-08-31 06:59:17',0,NULL),(792,128,41,'2022-02-28 23:00:00',NULL,NULL,NULL,'2023-08-31 06:59:17',0,'2023-08-31 06:59:17',0,NULL),(793,129,100,'2021-12-31 23:00:00',NULL,NULL,NULL,'2023-08-31 06:59:17',0,'2023-08-31 06:59:17',0,NULL),(794,129,110,'2021-12-31 23:00:00',NULL,NULL,NULL,'2023-08-31 06:59:17',0,'2023-08-31 06:59:17',0,NULL),(795,129,138,'2021-12-31 23:00:00',NULL,NULL,NULL,'2023-08-31 06:59:17',0,'2023-08-31 06:59:17',0,NULL),(796,129,124,'2022-01-31 23:00:00',NULL,NULL,NULL,'2023-08-31 06:59:17',0,'2023-08-31 06:59:17',0,NULL),(797,129,136,'2022-01-31 23:00:00',NULL,NULL,NULL,'2023-08-31 06:59:17',0,'2023-08-31 06:59:17',0,NULL),(798,129,170,'2022-01-31 23:00:00',NULL,NULL,NULL,'2023-08-31 06:59:17',0,'2023-08-31 06:59:17',0,NULL),(799,129,119,'2022-02-28 23:00:00',NULL,NULL,NULL,'2023-08-31 06:59:17',0,'2023-08-31 06:59:17',0,NULL),(800,129,131,'2022-02-28 23:00:00',NULL,NULL,NULL,'2023-08-31 06:59:17',0,'2023-08-31 06:59:17',0,NULL),(801,129,164,'2022-02-28 23:00:00',NULL,NULL,NULL,'2023-08-31 06:59:17',0,'2023-08-31 06:59:17',0,NULL),(802,130,80,'2021-12-31 23:00:00',NULL,NULL,NULL,'2023-08-31 06:59:17',0,'2023-08-31 06:59:17',0,NULL),(803,130,88,'2021-12-31 23:00:00',NULL,NULL,NULL,'2023-08-31 06:59:17',0,'2023-08-31 06:59:17',0,NULL),(804,130,110,'2021-12-31 23:00:00',NULL,NULL,NULL,'2023-08-31 06:59:17',0,'2023-08-31 06:59:17',0,NULL),(805,130,99,'2022-01-31 23:00:00',NULL,NULL,NULL,'2023-08-31 06:59:17',0,'2023-08-31 06:59:17',0,NULL),(806,130,109,'2022-01-31 23:00:00',NULL,NULL,NULL,'2023-08-31 06:59:17',0,'2023-08-31 06:59:17',0,NULL),(807,130,136,'2022-01-31 23:00:00',NULL,NULL,NULL,'2023-08-31 06:59:17',0,'2023-08-31 06:59:17',0,NULL),(808,130,95,'2022-02-28 23:00:00',NULL,NULL,NULL,'2023-08-31 06:59:17',0,'2023-08-31 06:59:17',0,NULL),(809,130,105,'2022-02-28 23:00:00',NULL,NULL,NULL,'2023-08-31 06:59:17',0,'2023-08-31 06:59:17',0,NULL),(810,130,131,'2022-02-28 23:00:00',NULL,NULL,NULL,'2023-08-31 06:59:17',0,'2023-08-31 06:59:17',0,NULL),(811,131,30,'2021-12-31 23:00:00',NULL,NULL,NULL,'2023-08-31 06:59:17',0,'2023-08-31 06:59:17',0,NULL),(812,131,33,'2021-12-31 23:00:00',NULL,NULL,NULL,'2023-08-31 06:59:17',0,'2023-08-31 06:59:17',0,NULL),(813,131,41,'2021-12-31 23:00:00',NULL,NULL,NULL,'2023-08-31 06:59:17',0,'2023-08-31 06:59:17',0,NULL),(814,131,37,'2022-01-31 23:00:00',NULL,NULL,NULL,'2023-08-31 06:59:17',0,'2023-08-31 06:59:17',0,NULL),(815,131,41,'2022-01-31 23:00:00',NULL,NULL,NULL,'2023-08-31 06:59:17',0,'2023-08-31 06:59:17',0,NULL),(816,131,51,'2022-01-31 23:00:00',NULL,NULL,NULL,'2023-08-31 06:59:17',0,'2023-08-31 06:59:17',0,NULL),(817,131,36,'2022-02-28 23:00:00',NULL,NULL,NULL,'2023-08-31 06:59:17',0,'2023-08-31 06:59:17',0,NULL),(818,131,39,'2022-02-28 23:00:00',NULL,NULL,NULL,'2023-08-31 06:59:17',0,'2023-08-31 06:59:17',0,NULL),(819,131,49,'2022-02-28 23:00:00',NULL,NULL,NULL,'2023-08-31 06:59:17',0,'2023-08-31 06:59:17',0,NULL),(820,133,120,'2021-12-31 23:00:00',NULL,NULL,NULL,'2023-08-31 06:59:17',0,'2023-08-31 06:59:17',0,NULL),(821,133,132,'2021-12-31 23:00:00',NULL,NULL,NULL,'2023-08-31 06:59:17',0,'2023-08-31 06:59:17',0,NULL),(822,133,165,'2021-12-31 23:00:00',NULL,NULL,NULL,'2023-08-31 06:59:17',0,'2023-08-31 06:59:17',0,NULL),(823,133,149,'2022-01-31 23:00:00',NULL,NULL,NULL,'2023-08-31 06:59:17',0,'2023-08-31 06:59:17',0,NULL),(824,133,163,'2022-01-31 23:00:00',NULL,NULL,NULL,'2023-08-31 06:59:17',0,'2023-08-31 06:59:17',0,NULL),(825,133,204,'2022-01-31 23:00:00',NULL,NULL,NULL,'2023-08-31 06:59:17',0,'2023-08-31 06:59:17',0,NULL),(826,133,143,'2022-02-28 23:00:00',NULL,NULL,NULL,'2023-08-31 06:59:17',0,'2023-08-31 06:59:17',0,NULL),(827,133,157,'2022-02-28 23:00:00',NULL,NULL,NULL,'2023-08-31 06:59:17',0,'2023-08-31 06:59:17',0,NULL),(828,133,197,'2022-02-28 23:00:00',NULL,NULL,NULL,'2023-08-31 06:59:17',0,'2023-08-31 06:59:17',0,NULL),(829,134,80,'2021-12-31 23:00:00',NULL,NULL,NULL,'2023-08-31 06:59:17',0,'2023-08-31 06:59:17',0,NULL),(830,134,88,'2021-12-31 23:00:00',NULL,NULL,NULL,'2023-08-31 06:59:17',0,'2023-08-31 06:59:17',0,NULL),(831,134,110,'2021-12-31 23:00:00',NULL,NULL,NULL,'2023-08-31 06:59:17',0,'2023-08-31 06:59:17',0,NULL),(832,134,99,'2022-01-31 23:00:00',NULL,NULL,NULL,'2023-08-31 06:59:17',0,'2023-08-31 06:59:17',0,NULL),(833,134,109,'2022-01-31 23:00:00',NULL,NULL,NULL,'2023-08-31 06:59:17',0,'2023-08-31 06:59:17',0,NULL),(834,134,136,'2022-01-31 23:00:00',NULL,NULL,NULL,'2023-08-31 06:59:17',0,'2023-08-31 06:59:17',0,NULL),(835,134,95,'2022-02-28 23:00:00',NULL,NULL,NULL,'2023-08-31 06:59:17',0,'2023-08-31 06:59:17',0,NULL),(836,134,105,'2022-02-28 23:00:00',NULL,NULL,NULL,'2023-08-31 06:59:17',0,'2023-08-31 06:59:17',0,NULL),(837,134,131,'2022-02-28 23:00:00',NULL,NULL,NULL,'2023-08-31 06:59:17',0,'2023-08-31 06:59:17',0,NULL),(838,137,80,'2021-12-31 23:00:00',NULL,NULL,NULL,'2023-08-31 06:59:17',0,'2023-08-31 06:59:17',0,NULL),(839,137,88,'2021-12-31 23:00:00',NULL,NULL,NULL,'2023-08-31 06:59:17',0,'2023-08-31 06:59:17',0,NULL),(840,137,110,'2021-12-31 23:00:00',NULL,NULL,NULL,'2023-08-31 06:59:17',0,'2023-08-31 06:59:17',0,NULL),(841,137,99,'2022-01-31 23:00:00',NULL,NULL,NULL,'2023-08-31 06:59:17',0,'2023-08-31 06:59:17',0,NULL),(842,137,109,'2022-01-31 23:00:00',NULL,NULL,NULL,'2023-08-31 06:59:17',0,'2023-08-31 06:59:17',0,NULL),(843,137,136,'2022-01-31 23:00:00',NULL,NULL,NULL,'2023-08-31 06:59:17',0,'2023-08-31 06:59:17',0,NULL),(844,137,95,'2022-02-28 23:00:00',NULL,NULL,NULL,'2023-08-31 06:59:17',0,'2023-08-31 06:59:17',0,NULL),(845,137,105,'2022-02-28 23:00:00',NULL,NULL,NULL,'2023-08-31 06:59:17',0,'2023-08-31 06:59:17',0,NULL),(846,137,131,'2022-02-28 23:00:00',NULL,NULL,NULL,'2023-08-31 06:59:17',0,'2023-08-31 06:59:17',0,NULL),(847,138,120,'2021-12-31 23:00:00',NULL,NULL,NULL,'2023-08-31 06:59:18',0,'2023-08-31 06:59:18',0,NULL),(848,138,132,'2021-12-31 23:00:00',NULL,NULL,NULL,'2023-08-31 06:59:18',0,'2023-08-31 06:59:18',0,NULL),(849,138,165,'2021-12-31 23:00:00',NULL,NULL,NULL,'2023-08-31 06:59:18',0,'2023-08-31 06:59:18',0,NULL),(850,138,149,'2022-01-31 23:00:00',NULL,NULL,NULL,'2023-08-31 06:59:18',0,'2023-08-31 06:59:18',0,NULL),(851,138,163,'2022-01-31 23:00:00',NULL,NULL,NULL,'2023-08-31 06:59:18',0,'2023-08-31 06:59:18',0,NULL),(852,138,204,'2022-01-31 23:00:00',NULL,NULL,NULL,'2023-08-31 06:59:18',0,'2023-08-31 06:59:18',0,NULL),(853,138,143,'2022-02-28 23:00:00',NULL,NULL,NULL,'2023-08-31 06:59:18',0,'2023-08-31 06:59:18',0,NULL),(854,138,157,'2022-02-28 23:00:00',NULL,NULL,NULL,'2023-08-31 06:59:18',0,'2023-08-31 06:59:18',0,NULL),(855,138,197,'2022-02-28 23:00:00',NULL,NULL,NULL,'2023-08-31 06:59:18',0,'2023-08-31 06:59:18',0,NULL),(856,139,50,'2021-12-31 23:00:00',NULL,NULL,NULL,'2023-08-31 06:59:18',0,'2023-08-31 06:59:18',0,NULL),(857,139,55,'2021-12-31 23:00:00',NULL,NULL,NULL,'2023-08-31 06:59:18',0,'2023-08-31 06:59:18',0,NULL),(858,139,69,'2021-12-31 23:00:00',NULL,NULL,NULL,'2023-08-31 06:59:18',0,'2023-08-31 06:59:18',0,NULL),(859,139,62,'2022-01-31 23:00:00',NULL,NULL,NULL,'2023-08-31 06:59:18',0,'2023-08-31 06:59:18',0,NULL),(860,139,68,'2022-01-31 23:00:00',NULL,NULL,NULL,'2023-08-31 06:59:18',0,'2023-08-31 06:59:18',0,NULL),(861,139,85,'2022-01-31 23:00:00',NULL,NULL,NULL,'2023-08-31 06:59:18',0,'2023-08-31 06:59:18',0,NULL),(862,139,60,'2022-02-28 23:00:00',NULL,NULL,NULL,'2023-08-31 06:59:18',0,'2023-08-31 06:59:18',0,NULL),(863,139,66,'2022-02-28 23:00:00',NULL,NULL,NULL,'2023-08-31 06:59:18',0,'2023-08-31 06:59:18',0,NULL),(864,139,82,'2022-02-28 23:00:00',NULL,NULL,NULL,'2023-08-31 06:59:18',0,'2023-08-31 06:59:18',0,NULL),(865,140,120,'2021-12-31 23:00:00',NULL,NULL,NULL,'2023-08-31 06:59:18',0,'2023-08-31 06:59:18',0,NULL),(866,140,132,'2021-12-31 23:00:00',NULL,NULL,NULL,'2023-08-31 06:59:18',0,'2023-08-31 06:59:18',0,NULL),(867,140,165,'2021-12-31 23:00:00',NULL,NULL,NULL,'2023-08-31 06:59:18',0,'2023-08-31 06:59:18',0,NULL),(868,140,149,'2022-01-31 23:00:00',NULL,NULL,NULL,'2023-08-31 06:59:18',0,'2023-08-31 06:59:18',0,NULL),(869,140,163,'2022-01-31 23:00:00',NULL,NULL,NULL,'2023-08-31 06:59:18',0,'2023-08-31 06:59:18',0,NULL),(870,140,204,'2022-01-31 23:00:00',NULL,NULL,NULL,'2023-08-31 06:59:18',0,'2023-08-31 06:59:18',0,NULL),(871,140,143,'2022-02-28 23:00:00',NULL,NULL,NULL,'2023-08-31 06:59:18',0,'2023-08-31 06:59:18',0,NULL),(872,140,157,'2022-02-28 23:00:00',NULL,NULL,NULL,'2023-08-31 06:59:18',0,'2023-08-31 06:59:18',0,NULL),(873,140,197,'2022-02-28 23:00:00',NULL,NULL,NULL,'2023-08-31 06:59:18',0,'2023-08-31 06:59:18',0,NULL),(874,143,60,'2021-12-31 23:00:00',NULL,NULL,NULL,'2023-08-31 06:59:18',0,'2023-08-31 06:59:18',0,NULL),(875,143,66,'2021-12-31 23:00:00',NULL,NULL,NULL,'2023-08-31 06:59:18',0,'2023-08-31 06:59:18',0,NULL),(876,143,83,'2021-12-31 23:00:00',NULL,NULL,NULL,'2023-08-31 06:59:18',0,'2023-08-31 06:59:18',0,NULL),(877,143,74,'2022-01-31 23:00:00',NULL,NULL,NULL,'2023-08-31 06:59:18',0,'2023-08-31 06:59:18',0,NULL),(878,143,82,'2022-01-31 23:00:00',NULL,NULL,NULL,'2023-08-31 06:59:18',0,'2023-08-31 06:59:18',0,NULL),(879,143,102,'2022-01-31 23:00:00',NULL,NULL,NULL,'2023-08-31 06:59:18',0,'2023-08-31 06:59:18',0,NULL),(880,143,71,'2022-02-28 23:00:00',NULL,NULL,NULL,'2023-08-31 06:59:18',0,'2023-08-31 06:59:18',0,NULL),(881,143,79,'2022-02-28 23:00:00',NULL,NULL,NULL,'2023-08-31 06:59:18',0,'2023-08-31 06:59:18',0,NULL),(882,143,98,'2022-02-28 23:00:00',NULL,NULL,NULL,'2023-08-31 06:59:18',0,'2023-08-31 06:59:18',0,NULL),(883,144,90,'2021-12-31 23:00:00',NULL,NULL,NULL,'2023-08-31 06:59:18',0,'2023-08-31 06:59:18',0,NULL),(884,144,99,'2021-12-31 23:00:00',NULL,NULL,NULL,'2023-08-31 06:59:18',0,'2023-08-31 06:59:18',0,NULL),(885,144,124,'2021-12-31 23:00:00',NULL,NULL,NULL,'2023-08-31 06:59:18',0,'2023-08-31 06:59:18',0,NULL),(886,144,111,'2022-01-31 23:00:00',NULL,NULL,NULL,'2023-08-31 06:59:18',0,'2023-08-31 06:59:18',0,NULL),(887,144,123,'2022-01-31 23:00:00',NULL,NULL,NULL,'2023-08-31 06:59:18',0,'2023-08-31 06:59:18',0,NULL),(888,144,153,'2022-01-31 23:00:00',NULL,NULL,NULL,'2023-08-31 06:59:18',0,'2023-08-31 06:59:18',0,NULL),(889,144,107,'2022-02-28 23:00:00',NULL,NULL,NULL,'2023-08-31 06:59:18',0,'2023-08-31 06:59:18',0,NULL),(890,144,118,'2022-02-28 23:00:00',NULL,NULL,NULL,'2023-08-31 06:59:18',0,'2023-08-31 06:59:18',0,NULL),(891,144,147,'2022-02-28 23:00:00',NULL,NULL,NULL,'2023-08-31 06:59:18',0,'2023-08-31 06:59:18',0,NULL),(892,145,80,'2021-12-31 23:00:00',NULL,NULL,NULL,'2023-08-31 06:59:18',0,'2023-08-31 06:59:18',0,NULL),(893,145,88,'2021-12-31 23:00:00',NULL,NULL,NULL,'2023-08-31 06:59:18',0,'2023-08-31 06:59:18',0,NULL),(894,145,110,'2021-12-31 23:00:00',NULL,NULL,NULL,'2023-08-31 06:59:18',0,'2023-08-31 06:59:18',0,NULL),(895,145,99,'2022-01-31 23:00:00',NULL,NULL,NULL,'2023-08-31 06:59:18',0,'2023-08-31 06:59:18',0,NULL),(896,145,109,'2022-01-31 23:00:00',NULL,NULL,NULL,'2023-08-31 06:59:18',0,'2023-08-31 06:59:18',0,NULL),(897,145,136,'2022-01-31 23:00:00',NULL,NULL,NULL,'2023-08-31 06:59:18',0,'2023-08-31 06:59:18',0,NULL),(898,145,95,'2022-02-28 23:00:00',NULL,NULL,NULL,'2023-08-31 06:59:18',0,'2023-08-31 06:59:18',0,NULL),(899,145,105,'2022-02-28 23:00:00',NULL,NULL,NULL,'2023-08-31 06:59:18',0,'2023-08-31 06:59:18',0,NULL),(900,145,131,'2022-02-28 23:00:00',NULL,NULL,NULL,'2023-08-31 06:59:18',0,'2023-08-31 06:59:18',0,NULL),(901,147,50,'2021-12-31 23:00:00',NULL,NULL,NULL,'2023-08-31 06:59:18',0,'2023-08-31 06:59:18',0,NULL),(902,147,55,'2021-12-31 23:00:00',NULL,NULL,NULL,'2023-08-31 06:59:18',0,'2023-08-31 06:59:18',0,NULL),(903,147,69,'2021-12-31 23:00:00',NULL,NULL,NULL,'2023-08-31 06:59:18',0,'2023-08-31 06:59:18',0,NULL),(904,147,62,'2022-01-31 23:00:00',NULL,NULL,NULL,'2023-08-31 06:59:18',0,'2023-08-31 06:59:18',0,NULL),(905,147,68,'2022-01-31 23:00:00',NULL,NULL,NULL,'2023-08-31 06:59:18',0,'2023-08-31 06:59:18',0,NULL),(906,147,85,'2022-01-31 23:00:00',NULL,NULL,NULL,'2023-08-31 06:59:18',0,'2023-08-31 06:59:18',0,NULL),(907,147,60,'2022-02-28 23:00:00',NULL,NULL,NULL,'2023-08-31 06:59:18',0,'2023-08-31 06:59:18',0,NULL),(908,147,66,'2022-02-28 23:00:00',NULL,NULL,NULL,'2023-08-31 06:59:18',0,'2023-08-31 06:59:18',0,NULL),(909,147,82,'2022-02-28 23:00:00',NULL,NULL,NULL,'2023-08-31 06:59:18',0,'2023-08-31 06:59:18',0,NULL),(910,149,90,'2021-12-31 23:00:00',NULL,NULL,NULL,'2023-08-31 06:59:18',0,'2023-08-31 06:59:18',0,NULL),(911,149,99,'2021-12-31 23:00:00',NULL,NULL,NULL,'2023-08-31 06:59:18',0,'2023-08-31 06:59:18',0,NULL),(912,149,124,'2021-12-31 23:00:00',NULL,NULL,NULL,'2023-08-31 06:59:18',0,'2023-08-31 06:59:18',0,NULL),(913,149,111,'2022-01-31 23:00:00',NULL,NULL,NULL,'2023-08-31 06:59:18',0,'2023-08-31 06:59:18',0,NULL),(914,149,123,'2022-01-31 23:00:00',NULL,NULL,NULL,'2023-08-31 06:59:18',0,'2023-08-31 06:59:18',0,NULL),(915,149,153,'2022-01-31 23:00:00',NULL,NULL,NULL,'2023-08-31 06:59:18',0,'2023-08-31 06:59:18',0,NULL),(916,149,107,'2022-02-28 23:00:00',NULL,NULL,NULL,'2023-08-31 06:59:18',0,'2023-08-31 06:59:18',0,NULL),(917,149,118,'2022-02-28 23:00:00',NULL,NULL,NULL,'2023-08-31 06:59:18',0,'2023-08-31 06:59:18',0,NULL),(918,149,147,'2022-02-28 23:00:00',NULL,NULL,NULL,'2023-08-31 06:59:18',0,'2023-08-31 06:59:18',0,NULL),(919,152,90,'2021-12-31 23:00:00',NULL,NULL,NULL,'2023-08-31 06:59:18',0,'2023-08-31 06:59:18',0,NULL),(920,152,99,'2021-12-31 23:00:00',NULL,NULL,NULL,'2023-08-31 06:59:18',0,'2023-08-31 06:59:18',0,NULL),(921,152,124,'2021-12-31 23:00:00',NULL,NULL,NULL,'2023-08-31 06:59:18',0,'2023-08-31 06:59:18',0,NULL),(922,152,111,'2022-01-31 23:00:00',NULL,NULL,NULL,'2023-08-31 06:59:18',0,'2023-08-31 06:59:18',0,NULL),(923,152,123,'2022-01-31 23:00:00',NULL,NULL,NULL,'2023-08-31 06:59:18',0,'2023-08-31 06:59:18',0,NULL),(924,152,153,'2022-01-31 23:00:00',NULL,NULL,NULL,'2023-08-31 06:59:18',0,'2023-08-31 06:59:18',0,NULL),(925,152,107,'2022-02-28 23:00:00',NULL,NULL,NULL,'2023-08-31 06:59:18',0,'2023-08-31 06:59:18',0,NULL),(926,152,118,'2022-02-28 23:00:00',NULL,NULL,NULL,'2023-08-31 06:59:18',0,'2023-08-31 06:59:18',0,NULL),(927,152,147,'2022-02-28 23:00:00',NULL,NULL,NULL,'2023-08-31 06:59:18',0,'2023-08-31 06:59:18',0,NULL),(928,153,50,'2021-12-31 23:00:00',NULL,NULL,NULL,'2023-08-31 06:59:18',0,'2023-08-31 06:59:18',0,NULL),(929,153,55,'2021-12-31 23:00:00',NULL,NULL,NULL,'2023-08-31 06:59:19',0,'2023-08-31 06:59:19',0,NULL),(930,153,69,'2021-12-31 23:00:00',NULL,NULL,NULL,'2023-08-31 06:59:19',0,'2023-08-31 06:59:19',0,NULL),(931,153,62,'2022-01-31 23:00:00',NULL,NULL,NULL,'2023-08-31 06:59:19',0,'2023-08-31 06:59:19',0,NULL),(932,153,68,'2022-01-31 23:00:00',NULL,NULL,NULL,'2023-08-31 06:59:19',0,'2023-08-31 06:59:19',0,NULL),(933,153,85,'2022-01-31 23:00:00',NULL,NULL,NULL,'2023-08-31 06:59:19',0,'2023-08-31 06:59:19',0,NULL),(934,153,60,'2022-02-28 23:00:00',NULL,NULL,NULL,'2023-08-31 06:59:19',0,'2023-08-31 06:59:19',0,NULL),(935,153,66,'2022-02-28 23:00:00',NULL,NULL,NULL,'2023-08-31 06:59:19',0,'2023-08-31 06:59:19',0,NULL),(936,153,82,'2022-02-28 23:00:00',NULL,NULL,NULL,'2023-08-31 06:59:19',0,'2023-08-31 06:59:19',0,NULL),(937,154,1.5,'2021-12-31 23:00:00',NULL,NULL,NULL,'2023-08-31 06:59:19',0,'2023-08-31 06:59:19',0,NULL),(938,154,1.65,'2021-12-31 23:00:00',NULL,NULL,NULL,'2023-08-31 06:59:19',0,'2023-08-31 06:59:19',0,NULL),(939,154,2.063,'2021-12-31 23:00:00',NULL,NULL,NULL,'2023-08-31 06:59:19',0,'2023-08-31 06:59:19',0,NULL),(940,154,1.856,'2022-01-31 23:00:00',NULL,NULL,NULL,'2023-08-31 06:59:19',0,'2023-08-31 06:59:19',0,NULL),(941,154,2.042,'2022-01-31 23:00:00',NULL,NULL,NULL,'2023-08-31 06:59:19',0,'2023-08-31 06:59:19',0,NULL),(942,154,2.552,'2022-01-31 23:00:00',NULL,NULL,NULL,'2023-08-31 06:59:19',0,'2023-08-31 06:59:19',0,NULL),(943,154,1.787,'2022-02-28 23:00:00',NULL,NULL,NULL,'2023-08-31 06:59:19',0,'2023-08-31 06:59:19',0,NULL),(944,154,1.965,'2022-02-28 23:00:00',NULL,NULL,NULL,'2023-08-31 06:59:19',0,'2023-08-31 06:59:19',0,NULL),(945,154,2.457,'2022-02-28 23:00:00',NULL,NULL,NULL,'2023-08-31 06:59:19',0,'2023-08-31 06:59:19',0,NULL),(946,155,300,'2021-12-31 23:00:00',NULL,NULL,NULL,'2023-08-31 06:59:19',0,'2023-08-31 06:59:19',0,NULL),(947,155,330,'2021-12-31 23:00:00',NULL,NULL,NULL,'2023-08-31 06:59:19',0,'2023-08-31 06:59:19',0,NULL),(948,155,413,'2021-12-31 23:00:00',NULL,NULL,NULL,'2023-08-31 06:59:19',0,'2023-08-31 06:59:19',0,NULL),(949,155,371,'2022-01-31 23:00:00',NULL,NULL,NULL,'2023-08-31 06:59:19',0,'2023-08-31 06:59:19',0,NULL),(950,155,408,'2022-01-31 23:00:00',NULL,NULL,NULL,'2023-08-31 06:59:19',0,'2023-08-31 06:59:19',0,NULL),(951,155,510,'2022-01-31 23:00:00',NULL,NULL,NULL,'2023-08-31 06:59:19',0,'2023-08-31 06:59:19',0,NULL),(952,155,357,'2022-02-28 23:00:00',NULL,NULL,NULL,'2023-08-31 06:59:19',0,'2023-08-31 06:59:19',0,NULL),(953,155,393,'2022-02-28 23:00:00',NULL,NULL,NULL,'2023-08-31 06:59:19',0,'2023-08-31 06:59:19',0,NULL),(954,155,491,'2022-02-28 23:00:00',NULL,NULL,NULL,'2023-08-31 06:59:19',0,'2023-08-31 06:59:19',0,NULL),(955,157,700,'2021-12-31 23:00:00',NULL,NULL,NULL,'2023-08-31 06:59:19',0,'2023-08-31 06:59:19',0,NULL),(956,157,770,'2021-12-31 23:00:00',NULL,NULL,NULL,'2023-08-31 06:59:19',0,'2023-08-31 06:59:19',0,NULL),(957,157,963,'2021-12-31 23:00:00',NULL,NULL,NULL,'2023-08-31 06:59:19',0,'2023-08-31 06:59:19',0,NULL),(958,157,866,'2022-01-31 23:00:00',NULL,NULL,NULL,'2023-08-31 06:59:19',0,'2023-08-31 06:59:19',0,NULL),(959,157,953,'2022-01-31 23:00:00',NULL,NULL,NULL,'2023-08-31 06:59:19',0,'2023-08-31 06:59:19',0,NULL),(960,157,1.191,'2022-01-31 23:00:00',NULL,NULL,NULL,'2023-08-31 06:59:19',0,'2023-08-31 06:59:19',0,NULL),(961,157,834,'2022-02-28 23:00:00',NULL,NULL,NULL,'2023-08-31 06:59:19',0,'2023-08-31 06:59:19',0,NULL),(962,157,917,'2022-02-28 23:00:00',NULL,NULL,NULL,'2023-08-31 06:59:19',0,'2023-08-31 06:59:19',0,NULL),(963,157,1.146,'2022-02-28 23:00:00',NULL,NULL,NULL,'2023-08-31 06:59:19',0,'2023-08-31 06:59:19',0,NULL),(964,161,2.5,'2021-12-31 23:00:00',NULL,NULL,NULL,'2023-08-31 06:59:19',0,'2023-08-31 06:59:19',0,NULL),(965,161,2.75,'2021-12-31 23:00:00',NULL,NULL,NULL,'2023-08-31 06:59:19',0,'2023-08-31 06:59:19',0,NULL),(966,161,3.438,'2021-12-31 23:00:00',NULL,NULL,NULL,'2023-08-31 06:59:19',0,'2023-08-31 06:59:19',0,NULL),(967,161,3.094,'2022-01-31 23:00:00',NULL,NULL,NULL,'2023-08-31 06:59:19',0,'2023-08-31 06:59:19',0,NULL),(968,161,3.403,'2022-01-31 23:00:00',NULL,NULL,NULL,'2023-08-31 06:59:19',0,'2023-08-31 06:59:19',0,NULL),(969,161,4.254,'2022-01-31 23:00:00',NULL,NULL,NULL,'2023-08-31 06:59:19',0,'2023-08-31 06:59:19',0,NULL),(970,161,2.978,'2022-02-28 23:00:00',NULL,NULL,NULL,'2023-08-31 06:59:19',0,'2023-08-31 06:59:19',0,NULL),(971,161,3.276,'2022-02-28 23:00:00',NULL,NULL,NULL,'2023-08-31 06:59:19',0,'2023-08-31 06:59:19',0,NULL),(972,161,4.094,'2022-02-28 23:00:00',NULL,NULL,NULL,'2023-08-31 06:59:19',0,'2023-08-31 06:59:19',0,NULL),(973,162,3.5,'2021-12-31 23:00:00',NULL,NULL,NULL,'2023-08-31 06:59:19',0,'2023-08-31 06:59:19',0,NULL),(974,162,3.85,'2021-12-31 23:00:00',NULL,NULL,NULL,'2023-08-31 06:59:19',0,'2023-08-31 06:59:19',0,NULL),(975,162,4.813,'2021-12-31 23:00:00',NULL,NULL,NULL,'2023-08-31 06:59:19',0,'2023-08-31 06:59:19',0,NULL),(976,162,4.331,'2022-01-31 23:00:00',NULL,NULL,NULL,'2023-08-31 06:59:19',0,'2023-08-31 06:59:19',0,NULL),(977,162,4.764,'2022-01-31 23:00:00',NULL,NULL,NULL,'2023-08-31 06:59:19',0,'2023-08-31 06:59:19',0,NULL),(978,162,5.955,'2022-01-31 23:00:00',NULL,NULL,NULL,'2023-08-31 06:59:19',0,'2023-08-31 06:59:19',0,NULL),(979,162,4.169,'2022-02-28 23:00:00',NULL,NULL,NULL,'2023-08-31 06:59:19',0,'2023-08-31 06:59:19',0,NULL),(980,162,4.586,'2022-02-28 23:00:00',NULL,NULL,NULL,'2023-08-31 06:59:19',0,'2023-08-31 06:59:19',0,NULL),(981,162,5.732,'2022-02-28 23:00:00',NULL,NULL,NULL,'2023-08-31 06:59:19',0,'2023-08-31 06:59:19',0,NULL),(982,163,5,'2021-12-31 23:00:00',NULL,NULL,NULL,'2023-08-31 06:59:19',0,'2023-08-31 06:59:19',0,NULL),(983,163,5.5,'2021-12-31 23:00:00',NULL,NULL,NULL,'2023-08-31 06:59:19',0,'2023-08-31 06:59:19',0,NULL),(984,163,6.875,'2021-12-31 23:00:00',NULL,NULL,NULL,'2023-08-31 06:59:19',0,'2023-08-31 06:59:19',0,NULL),(985,163,6.188,'2022-01-31 23:00:00',NULL,NULL,NULL,'2023-08-31 06:59:19',0,'2023-08-31 06:59:19',0,NULL),(986,163,6.806,'2022-01-31 23:00:00',NULL,NULL,NULL,'2023-08-31 06:59:19',0,'2023-08-31 06:59:19',0,NULL),(987,163,8.508,'2022-01-31 23:00:00',NULL,NULL,NULL,'2023-08-31 06:59:19',0,'2023-08-31 06:59:19',0,NULL),(988,163,5.955,'2022-02-28 23:00:00',NULL,NULL,NULL,'2023-08-31 06:59:19',0,'2023-08-31 06:59:19',0,NULL),(989,163,6.551,'2022-02-28 23:00:00',NULL,NULL,NULL,'2023-08-31 06:59:19',0,'2023-08-31 06:59:19',0,NULL),(990,163,8.189,'2022-02-28 23:00:00',NULL,NULL,NULL,'2023-08-31 06:59:19',0,'2023-08-31 06:59:19',0,NULL),(991,166,7,'2021-12-31 23:00:00',NULL,NULL,NULL,'2023-08-31 06:59:19',0,'2023-08-31 06:59:19',0,NULL),(992,166,7.7,'2021-12-31 23:00:00',NULL,NULL,NULL,'2023-08-31 06:59:19',0,'2023-08-31 06:59:19',0,NULL),(993,166,9.625,'2021-12-31 23:00:00',NULL,NULL,NULL,'2023-08-31 06:59:19',0,'2023-08-31 06:59:19',0,NULL),(994,166,8.663,'2022-01-31 23:00:00',NULL,NULL,NULL,'2023-08-31 06:59:19',0,'2023-08-31 06:59:19',0,NULL),(995,166,9.529,'2022-01-31 23:00:00',NULL,NULL,NULL,'2023-08-31 06:59:19',0,'2023-08-31 06:59:19',0,NULL),(996,166,11.911,'2022-01-31 23:00:00',NULL,NULL,NULL,'2023-08-31 06:59:19',0,'2023-08-31 06:59:19',0,NULL),(997,166,8.338,'2022-02-28 23:00:00',NULL,NULL,NULL,'2023-08-31 06:59:19',0,'2023-08-31 06:59:19',0,NULL),(998,166,9.171,'2022-02-28 23:00:00',NULL,NULL,NULL,'2023-08-31 06:59:19',0,'2023-08-31 06:59:19',0,NULL),(999,166,11.464,'2022-02-28 23:00:00',NULL,NULL,NULL,'2023-08-31 06:59:19',0,'2023-08-31 06:59:19',0,NULL),(1000,167,10,'2021-12-31 23:00:00',NULL,NULL,NULL,'2023-08-31 06:59:19',0,'2023-08-31 06:59:19',0,NULL),(1001,167,11,'2021-12-31 23:00:00',NULL,NULL,NULL,'2023-08-31 06:59:19',0,'2023-08-31 06:59:19',0,NULL),(1002,167,13.75,'2021-12-31 23:00:00',NULL,NULL,NULL,'2023-08-31 06:59:19',0,'2023-08-31 06:59:19',0,NULL),(1003,167,12.375,'2022-01-31 23:00:00',NULL,NULL,NULL,'2023-08-31 06:59:19',0,'2023-08-31 06:59:19',0,NULL),(1004,167,13.613,'2022-01-31 23:00:00',NULL,NULL,NULL,'2023-08-31 06:59:19',0,'2023-08-31 06:59:19',0,NULL),(1005,167,17.016,'2022-01-31 23:00:00',NULL,NULL,NULL,'2023-08-31 06:59:19',0,'2023-08-31 06:59:19',0,NULL),(1006,167,11.911,'2022-02-28 23:00:00',NULL,NULL,NULL,'2023-08-31 06:59:19',0,'2023-08-31 06:59:19',0,NULL),(1007,167,13.102,'2022-02-28 23:00:00',NULL,NULL,NULL,'2023-08-31 06:59:19',0,'2023-08-31 06:59:19',0,NULL),(1008,167,16.378,'2022-02-28 23:00:00',NULL,NULL,NULL,'2023-08-31 06:59:19',0,'2023-08-31 06:59:19',0,NULL),(1009,168,13,'2021-12-31 23:00:00',NULL,NULL,NULL,'2023-08-31 06:59:19',0,'2023-08-31 06:59:19',0,NULL),(1010,168,14.3,'2021-12-31 23:00:00',NULL,NULL,NULL,'2023-08-31 06:59:19',0,'2023-08-31 06:59:19',0,NULL),(1011,168,17.875,'2021-12-31 23:00:00',NULL,NULL,NULL,'2023-08-31 06:59:19',0,'2023-08-31 06:59:19',0,NULL),(1012,168,16.088,'2022-01-31 23:00:00',NULL,NULL,NULL,'2023-08-31 06:59:19',0,'2023-08-31 06:59:19',0,NULL),(1013,168,17.696,'2022-01-31 23:00:00',NULL,NULL,NULL,'2023-08-31 06:59:19',0,'2023-08-31 06:59:19',0,NULL),(1014,168,22.12,'2022-01-31 23:00:00',NULL,NULL,NULL,'2023-08-31 06:59:19',0,'2023-08-31 06:59:19',0,NULL),(1015,168,15.484,'2022-02-28 23:00:00',NULL,NULL,NULL,'2023-08-31 06:59:19',0,'2023-08-31 06:59:19',0,NULL),(1016,168,17.033,'2022-02-28 23:00:00',NULL,NULL,NULL,'2023-08-31 06:59:19',0,'2023-08-31 06:59:19',0,NULL),(1017,168,21.291,'2022-02-28 23:00:00',NULL,NULL,NULL,'2023-08-31 06:59:19',0,'2023-08-31 06:59:19',0,NULL),(1018,171,2,'2021-12-31 23:00:00',NULL,NULL,NULL,'2023-08-31 06:59:19',0,'2023-08-31 06:59:19',0,NULL),(1019,171,2.2,'2021-12-31 23:00:00',NULL,NULL,NULL,'2023-08-31 06:59:19',0,'2023-08-31 06:59:19',0,NULL),(1020,171,2.75,'2021-12-31 23:00:00',NULL,NULL,NULL,'2023-08-31 06:59:19',0,'2023-08-31 06:59:19',0,NULL),(1021,171,2.475,'2022-01-31 23:00:00',NULL,NULL,NULL,'2023-08-31 06:59:20',0,'2023-08-31 06:59:20',0,NULL),(1022,171,2.723,'2022-01-31 23:00:00',NULL,NULL,NULL,'2023-08-31 06:59:20',0,'2023-08-31 06:59:20',0,NULL),(1023,171,3.403,'2022-01-31 23:00:00',NULL,NULL,NULL,'2023-08-31 06:59:20',0,'2023-08-31 06:59:20',0,NULL),(1024,171,2.382,'2022-02-28 23:00:00',NULL,NULL,NULL,'2023-08-31 06:59:20',0,'2023-08-31 06:59:20',0,NULL),(1025,171,2.62,'2022-02-28 23:00:00',NULL,NULL,NULL,'2023-08-31 06:59:20',0,'2023-08-31 06:59:20',0,NULL),(1026,171,3.276,'2022-02-28 23:00:00',NULL,NULL,NULL,'2023-08-31 06:59:20',0,'2023-08-31 06:59:20',0,NULL),(1027,172,3,'2021-12-31 23:00:00',NULL,NULL,NULL,'2023-08-31 06:59:20',0,'2023-08-31 06:59:20',0,NULL),(1028,172,3.3,'2021-12-31 23:00:00',NULL,NULL,NULL,'2023-08-31 06:59:20',0,'2023-08-31 06:59:20',0,NULL),(1029,172,4.125,'2021-12-31 23:00:00',NULL,NULL,NULL,'2023-08-31 06:59:20',0,'2023-08-31 06:59:20',0,NULL),(1030,172,3.713,'2022-01-31 23:00:00',NULL,NULL,NULL,'2023-08-31 06:59:20',0,'2023-08-31 06:59:20',0,NULL),(1031,172,4.084,'2022-01-31 23:00:00',NULL,NULL,NULL,'2023-08-31 06:59:20',0,'2023-08-31 06:59:20',0,NULL),(1032,172,5.105,'2022-01-31 23:00:00',NULL,NULL,NULL,'2023-08-31 06:59:20',0,'2023-08-31 06:59:20',0,NULL),(1033,172,3.573,'2022-02-28 23:00:00',NULL,NULL,NULL,'2023-08-31 06:59:20',0,'2023-08-31 06:59:20',0,NULL),(1034,172,3.931,'2022-02-28 23:00:00',NULL,NULL,NULL,'2023-08-31 06:59:20',0,'2023-08-31 06:59:20',0,NULL),(1035,172,4.913,'2022-02-28 23:00:00',NULL,NULL,NULL,'2023-08-31 06:59:20',0,'2023-08-31 06:59:20',0,NULL),(1036,173,4,'2021-12-31 23:00:00',NULL,NULL,NULL,'2023-08-31 06:59:20',0,'2023-08-31 06:59:20',0,NULL),(1037,173,4.4,'2021-12-31 23:00:00',NULL,NULL,NULL,'2023-08-31 06:59:20',0,'2023-08-31 06:59:20',0,NULL),(1038,173,5.5,'2021-12-31 23:00:00',NULL,NULL,NULL,'2023-08-31 06:59:20',0,'2023-08-31 06:59:20',0,NULL),(1039,173,4.95,'2022-01-31 23:00:00',NULL,NULL,NULL,'2023-08-31 06:59:20',0,'2023-08-31 06:59:20',0,NULL),(1040,173,5.445,'2022-01-31 23:00:00',NULL,NULL,NULL,'2023-08-31 06:59:20',0,'2023-08-31 06:59:20',0,NULL),(1041,173,6.806,'2022-01-31 23:00:00',NULL,NULL,NULL,'2023-08-31 06:59:20',0,'2023-08-31 06:59:20',0,NULL),(1042,173,4.764,'2022-02-28 23:00:00',NULL,NULL,NULL,'2023-08-31 06:59:20',0,'2023-08-31 06:59:20',0,NULL),(1043,173,5.241,'2022-02-28 23:00:00',NULL,NULL,NULL,'2023-08-31 06:59:20',0,'2023-08-31 06:59:20',0,NULL),(1044,173,6.551,'2022-02-28 23:00:00',NULL,NULL,NULL,'2023-08-31 06:59:20',0,'2023-08-31 06:59:20',0,NULL),(1045,176,4,'2021-12-31 23:00:00',NULL,NULL,NULL,'2023-08-31 06:59:20',0,'2023-08-31 06:59:20',0,NULL),(1046,176,4.4,'2021-12-31 23:00:00',NULL,NULL,NULL,'2023-08-31 06:59:20',0,'2023-08-31 06:59:20',0,NULL),(1047,176,5.5,'2021-12-31 23:00:00',NULL,NULL,NULL,'2023-08-31 06:59:20',0,'2023-08-31 06:59:20',0,NULL),(1048,176,4.95,'2022-01-31 23:00:00',NULL,NULL,NULL,'2023-08-31 06:59:20',0,'2023-08-31 06:59:20',0,NULL),(1049,176,5.445,'2022-01-31 23:00:00',NULL,NULL,NULL,'2023-08-31 06:59:20',0,'2023-08-31 06:59:20',0,NULL),(1050,176,6.806,'2022-01-31 23:00:00',NULL,NULL,NULL,'2023-08-31 06:59:20',0,'2023-08-31 06:59:20',0,NULL),(1051,176,4.764,'2022-02-28 23:00:00',NULL,NULL,NULL,'2023-08-31 06:59:20',0,'2023-08-31 06:59:20',0,NULL),(1052,176,5.241,'2022-02-28 23:00:00',NULL,NULL,NULL,'2023-08-31 06:59:20',0,'2023-08-31 06:59:20',0,NULL),(1053,176,6.551,'2022-02-28 23:00:00',NULL,NULL,NULL,'2023-08-31 06:59:20',0,'2023-08-31 06:59:20',0,NULL),(1054,177,5,'2021-12-31 23:00:00',NULL,NULL,NULL,'2023-08-31 06:59:20',0,'2023-08-31 06:59:20',0,NULL),(1055,177,5.5,'2021-12-31 23:00:00',NULL,NULL,NULL,'2023-08-31 06:59:20',0,'2023-08-31 06:59:20',0,NULL),(1056,177,6.875,'2021-12-31 23:00:00',NULL,NULL,NULL,'2023-08-31 06:59:20',0,'2023-08-31 06:59:20',0,NULL),(1057,177,6.188,'2022-01-31 23:00:00',NULL,NULL,NULL,'2023-08-31 06:59:20',0,'2023-08-31 06:59:20',0,NULL),(1058,177,6.806,'2022-01-31 23:00:00',NULL,NULL,NULL,'2023-08-31 06:59:20',0,'2023-08-31 06:59:20',0,NULL),(1059,177,8.508,'2022-01-31 23:00:00',NULL,NULL,NULL,'2023-08-31 06:59:20',0,'2023-08-31 06:59:20',0,NULL),(1060,177,5.955,'2022-02-28 23:00:00',NULL,NULL,NULL,'2023-08-31 06:59:20',0,'2023-08-31 06:59:20',0,NULL),(1061,177,6.551,'2022-02-28 23:00:00',NULL,NULL,NULL,'2023-08-31 06:59:20',0,'2023-08-31 06:59:20',0,NULL),(1062,177,8.189,'2022-02-28 23:00:00',NULL,NULL,NULL,'2023-08-31 06:59:20',0,'2023-08-31 06:59:20',0,NULL),(1063,178,6,'2021-12-31 23:00:00',NULL,NULL,NULL,'2023-08-31 06:59:20',0,'2023-08-31 06:59:20',0,NULL),(1064,178,6.6,'2021-12-31 23:00:00',NULL,NULL,NULL,'2023-08-31 06:59:20',0,'2023-08-31 06:59:20',0,NULL),(1065,178,8.25,'2021-12-31 23:00:00',NULL,NULL,NULL,'2023-08-31 06:59:20',0,'2023-08-31 06:59:20',0,NULL),(1066,178,7.425,'2022-01-31 23:00:00',NULL,NULL,NULL,'2023-08-31 06:59:20',0,'2023-08-31 06:59:20',0,NULL),(1067,178,8.168,'2022-01-31 23:00:00',NULL,NULL,NULL,'2023-08-31 06:59:20',0,'2023-08-31 06:59:20',0,NULL),(1068,178,10.209,'2022-01-31 23:00:00',NULL,NULL,NULL,'2023-08-31 06:59:20',0,'2023-08-31 06:59:20',0,NULL),(1069,178,7.147,'2022-02-28 23:00:00',NULL,NULL,NULL,'2023-08-31 06:59:20',0,'2023-08-31 06:59:20',0,NULL),(1070,178,7.861,'2022-02-28 23:00:00',NULL,NULL,NULL,'2023-08-31 06:59:20',0,'2023-08-31 06:59:20',0,NULL),(1071,178,9.827,'2022-02-28 23:00:00',NULL,NULL,NULL,'2023-08-31 06:59:20',0,'2023-08-31 06:59:20',0,NULL),(1072,181,6,'2021-12-31 23:00:00',NULL,NULL,NULL,'2023-08-31 06:59:20',0,'2023-08-31 06:59:20',0,NULL),(1073,181,6.6,'2021-12-31 23:00:00',NULL,NULL,NULL,'2023-08-31 06:59:20',0,'2023-08-31 06:59:20',0,NULL),(1074,181,8.25,'2021-12-31 23:00:00',NULL,NULL,NULL,'2023-08-31 06:59:20',0,'2023-08-31 06:59:20',0,NULL),(1075,181,7.425,'2022-01-31 23:00:00',NULL,NULL,NULL,'2023-08-31 06:59:20',0,'2023-08-31 06:59:20',0,NULL),(1076,181,8.168,'2022-01-31 23:00:00',NULL,NULL,NULL,'2023-08-31 06:59:20',0,'2023-08-31 06:59:20',0,NULL),(1077,181,10.209,'2022-01-31 23:00:00',NULL,NULL,NULL,'2023-08-31 06:59:20',0,'2023-08-31 06:59:20',0,NULL),(1078,181,7.147,'2022-02-28 23:00:00',NULL,NULL,NULL,'2023-08-31 06:59:21',0,'2023-08-31 06:59:21',0,NULL),(1079,181,7.861,'2022-02-28 23:00:00',NULL,NULL,NULL,'2023-08-31 06:59:21',0,'2023-08-31 06:59:21',0,NULL),(1080,181,9.827,'2022-02-28 23:00:00',NULL,NULL,NULL,'2023-08-31 06:59:21',0,'2023-08-31 06:59:21',0,NULL),(1081,182,7,'2021-12-31 23:00:00',NULL,NULL,NULL,'2023-08-31 06:59:21',0,'2023-08-31 06:59:21',0,NULL),(1082,182,7.7,'2021-12-31 23:00:00',NULL,NULL,NULL,'2023-08-31 06:59:21',0,'2023-08-31 06:59:21',0,NULL),(1083,182,9.625,'2021-12-31 23:00:00',NULL,NULL,NULL,'2023-08-31 06:59:21',0,'2023-08-31 06:59:21',0,NULL),(1084,182,8.663,'2022-01-31 23:00:00',NULL,NULL,NULL,'2023-08-31 06:59:21',0,'2023-08-31 06:59:21',0,NULL),(1085,182,9.529,'2022-01-31 23:00:00',NULL,NULL,NULL,'2023-08-31 06:59:21',0,'2023-08-31 06:59:21',0,NULL),(1086,182,11.911,'2022-01-31 23:00:00',NULL,NULL,NULL,'2023-08-31 06:59:21',0,'2023-08-31 06:59:21',0,NULL),(1087,182,8.338,'2022-02-28 23:00:00',NULL,NULL,NULL,'2023-08-31 06:59:21',0,'2023-08-31 06:59:21',0,NULL),(1088,182,9.171,'2022-02-28 23:00:00',NULL,NULL,NULL,'2023-08-31 06:59:21',0,'2023-08-31 06:59:21',0,NULL),(1089,182,11.464,'2022-02-28 23:00:00',NULL,NULL,NULL,'2023-08-31 06:59:21',0,'2023-08-31 06:59:21',0,NULL),(1090,183,8,'2021-12-31 23:00:00',NULL,NULL,NULL,'2023-08-31 06:59:21',0,'2023-08-31 06:59:21',0,NULL),(1091,183,8.8,'2021-12-31 23:00:00',NULL,NULL,NULL,'2023-08-31 06:59:21',0,'2023-08-31 06:59:21',0,NULL),(1092,183,11,'2021-12-31 23:00:00',NULL,NULL,NULL,'2023-08-31 06:59:21',0,'2023-08-31 06:59:21',0,NULL),(1093,183,9.9,'2022-01-31 23:00:00',NULL,NULL,NULL,'2023-08-31 06:59:21',0,'2023-08-31 06:59:21',0,NULL),(1094,183,10.89,'2022-01-31 23:00:00',NULL,NULL,NULL,'2023-08-31 06:59:21',0,'2023-08-31 06:59:21',0,NULL),(1095,183,13.613,'2022-01-31 23:00:00',NULL,NULL,NULL,'2023-08-31 06:59:21',0,'2023-08-31 06:59:21',0,NULL),(1096,183,9.529,'2022-02-28 23:00:00',NULL,NULL,NULL,'2023-08-31 06:59:21',0,'2023-08-31 06:59:21',0,NULL),(1097,183,10.482,'2022-02-28 23:00:00',NULL,NULL,NULL,'2023-08-31 06:59:21',0,'2023-08-31 06:59:21',0,NULL),(1098,183,13.102,'2022-02-28 23:00:00',NULL,NULL,NULL,'2023-08-31 06:59:21',0,'2023-08-31 06:59:21',0,NULL),(1099,185,80,'2021-12-31 23:00:00',NULL,NULL,NULL,'2023-08-31 06:59:21',0,'2023-08-31 06:59:21',0,NULL),(1100,185,88,'2021-12-31 23:00:00',NULL,NULL,NULL,'2023-08-31 06:59:21',0,'2023-08-31 06:59:21',0,NULL),(1101,185,110,'2021-12-31 23:00:00',NULL,NULL,NULL,'2023-08-31 06:59:21',0,'2023-08-31 06:59:21',0,NULL),(1102,185,99,'2022-01-31 23:00:00',NULL,NULL,NULL,'2023-08-31 06:59:21',0,'2023-08-31 06:59:21',0,NULL),(1103,185,109,'2022-01-31 23:00:00',NULL,NULL,NULL,'2023-08-31 06:59:21',0,'2023-08-31 06:59:21',0,NULL),(1104,185,136,'2022-01-31 23:00:00',NULL,NULL,NULL,'2023-08-31 06:59:21',0,'2023-08-31 06:59:21',0,NULL),(1105,185,95,'2022-02-28 23:00:00',NULL,NULL,NULL,'2023-08-31 06:59:21',0,'2023-08-31 06:59:21',0,NULL),(1106,185,105,'2022-02-28 23:00:00',NULL,NULL,NULL,'2023-08-31 06:59:21',0,'2023-08-31 06:59:21',0,NULL),(1107,185,131,'2022-02-28 23:00:00',NULL,NULL,NULL,'2023-08-31 06:59:21',0,'2023-08-31 06:59:21',0,NULL),(1108,186,1.2,'2021-12-31 23:00:00',NULL,NULL,NULL,'2023-08-31 06:59:21',0,'2023-08-31 06:59:21',0,NULL),(1109,186,1.32,'2021-12-31 23:00:00',NULL,NULL,NULL,'2023-08-31 06:59:21',0,'2023-08-31 06:59:21',0,NULL),(1110,186,1.65,'2021-12-31 23:00:00',NULL,NULL,NULL,'2023-08-31 06:59:21',0,'2023-08-31 06:59:21',0,NULL),(1111,186,1.485,'2022-01-31 23:00:00',NULL,NULL,NULL,'2023-08-31 06:59:21',0,'2023-08-31 06:59:21',0,NULL),(1112,186,1.634,'2022-01-31 23:00:00',NULL,NULL,NULL,'2023-08-31 06:59:21',0,'2023-08-31 06:59:21',0,NULL),(1113,186,2.042,'2022-01-31 23:00:00',NULL,NULL,NULL,'2023-08-31 06:59:21',0,'2023-08-31 06:59:21',0,NULL),(1114,186,1.429,'2022-02-28 23:00:00',NULL,NULL,NULL,'2023-08-31 06:59:21',0,'2023-08-31 06:59:21',0,NULL),(1115,186,1.572,'2022-02-28 23:00:00',NULL,NULL,NULL,'2023-08-31 06:59:21',0,'2023-08-31 06:59:21',0,NULL),(1116,186,1.965,'2022-02-28 23:00:00',NULL,NULL,NULL,'2023-08-31 06:59:21',0,'2023-08-31 06:59:21',0,NULL),(1117,187,1.6,'2021-12-31 23:00:00',NULL,NULL,NULL,'2023-08-31 06:59:21',0,'2023-08-31 06:59:21',0,NULL),(1118,187,1.76,'2021-12-31 23:00:00',NULL,NULL,NULL,'2023-08-31 06:59:21',0,'2023-08-31 06:59:21',0,NULL),(1119,187,2.2,'2021-12-31 23:00:00',NULL,NULL,NULL,'2023-08-31 06:59:21',0,'2023-08-31 06:59:21',0,NULL),(1120,187,1.98,'2022-01-31 23:00:00',NULL,NULL,NULL,'2023-08-31 06:59:21',0,'2023-08-31 06:59:21',0,NULL),(1121,187,2.178,'2022-01-31 23:00:00',NULL,NULL,NULL,'2023-08-31 06:59:21',0,'2023-08-31 06:59:21',0,NULL),(1122,187,2.723,'2022-01-31 23:00:00',NULL,NULL,NULL,'2023-08-31 06:59:21',0,'2023-08-31 06:59:21',0,NULL),(1123,187,1.906,'2022-02-28 23:00:00',NULL,NULL,NULL,'2023-08-31 06:59:21',0,'2023-08-31 06:59:21',0,NULL),(1124,187,2.096,'2022-02-28 23:00:00',NULL,NULL,NULL,'2023-08-31 06:59:21',0,'2023-08-31 06:59:21',0,NULL),(1125,187,2.62,'2022-02-28 23:00:00',NULL,NULL,NULL,'2023-08-31 06:59:21',0,'2023-08-31 06:59:21',0,NULL),(1126,189,80,'2021-12-31 23:00:00',NULL,NULL,NULL,'2023-08-31 06:59:21',0,'2023-08-31 06:59:21',0,NULL),(1127,189,88,'2021-12-31 23:00:00',NULL,NULL,NULL,'2023-08-31 06:59:21',0,'2023-08-31 06:59:21',0,NULL),(1128,189,110,'2021-12-31 23:00:00',NULL,NULL,NULL,'2023-08-31 06:59:21',0,'2023-08-31 06:59:21',0,NULL),(1129,189,99,'2022-01-31 23:00:00',NULL,NULL,NULL,'2023-08-31 06:59:21',0,'2023-08-31 06:59:21',0,NULL),(1130,189,109,'2022-01-31 23:00:00',NULL,NULL,NULL,'2023-08-31 06:59:21',0,'2023-08-31 06:59:21',0,NULL),(1131,189,136,'2022-01-31 23:00:00',NULL,NULL,NULL,'2023-08-31 06:59:21',0,'2023-08-31 06:59:21',0,NULL),(1132,189,95,'2022-02-28 23:00:00',NULL,NULL,NULL,'2023-08-31 06:59:21',0,'2023-08-31 06:59:21',0,NULL),(1133,189,105,'2022-02-28 23:00:00',NULL,NULL,NULL,'2023-08-31 06:59:21',0,'2023-08-31 06:59:21',0,NULL),(1134,189,131,'2022-02-28 23:00:00',NULL,NULL,NULL,'2023-08-31 06:59:21',0,'2023-08-31 06:59:21',0,NULL),(1135,190,300,'2021-12-31 23:00:00',NULL,NULL,NULL,'2023-08-31 06:59:21',0,'2023-08-31 06:59:21',0,NULL),(1136,190,330,'2021-12-31 23:00:00',NULL,NULL,NULL,'2023-08-31 06:59:21',0,'2023-08-31 06:59:21',0,NULL),(1137,190,413,'2021-12-31 23:00:00',NULL,NULL,NULL,'2023-08-31 06:59:21',0,'2023-08-31 06:59:21',0,NULL),(1138,190,371,'2022-01-31 23:00:00',NULL,NULL,NULL,'2023-08-31 06:59:21',0,'2023-08-31 06:59:21',0,NULL),(1139,190,408,'2022-01-31 23:00:00',NULL,NULL,NULL,'2023-08-31 06:59:21',0,'2023-08-31 06:59:21',0,NULL),(1140,190,510,'2022-01-31 23:00:00',NULL,NULL,NULL,'2023-08-31 06:59:21',0,'2023-08-31 06:59:21',0,NULL),(1141,190,357,'2022-02-28 23:00:00',NULL,NULL,NULL,'2023-08-31 06:59:21',0,'2023-08-31 06:59:21',0,NULL),(1142,190,393,'2022-02-28 23:00:00',NULL,NULL,NULL,'2023-08-31 06:59:21',0,'2023-08-31 06:59:21',0,NULL),(1143,190,491,'2022-02-28 23:00:00',NULL,NULL,NULL,'2023-08-31 06:59:21',0,'2023-08-31 06:59:21',0,NULL),(1144,191,120,'2021-12-31 23:00:00',NULL,NULL,NULL,'2023-08-31 06:59:21',0,'2023-08-31 06:59:21',0,NULL),(1145,191,132,'2021-12-31 23:00:00',NULL,NULL,NULL,'2023-08-31 06:59:21',0,'2023-08-31 06:59:21',0,NULL),(1146,191,165,'2021-12-31 23:00:00',NULL,NULL,NULL,'2023-08-31 06:59:21',0,'2023-08-31 06:59:21',0,NULL),(1147,191,149,'2022-01-31 23:00:00',NULL,NULL,NULL,'2023-08-31 06:59:21',0,'2023-08-31 06:59:21',0,NULL),(1148,191,163,'2022-01-31 23:00:00',NULL,NULL,NULL,'2023-08-31 06:59:21',0,'2023-08-31 06:59:21',0,NULL),(1149,191,204,'2022-01-31 23:00:00',NULL,NULL,NULL,'2023-08-31 06:59:21',0,'2023-08-31 06:59:21',0,NULL),(1150,191,143,'2022-02-28 23:00:00',NULL,NULL,NULL,'2023-08-31 06:59:21',0,'2023-08-31 06:59:21',0,NULL),(1151,191,157,'2022-02-28 23:00:00',NULL,NULL,NULL,'2023-08-31 06:59:21',0,'2023-08-31 06:59:21',0,NULL),(1152,191,197,'2022-02-28 23:00:00',NULL,NULL,NULL,'2023-08-31 06:59:22',0,'2023-08-31 06:59:22',0,NULL),(1153,193,2.4,'2021-12-31 23:00:00',NULL,NULL,NULL,'2023-08-31 06:59:22',0,'2023-08-31 06:59:22',0,NULL),(1154,193,2.64,'2021-12-31 23:00:00',NULL,NULL,NULL,'2023-08-31 06:59:22',0,'2023-08-31 06:59:22',0,NULL),(1155,193,3.3,'2021-12-31 23:00:00',NULL,NULL,NULL,'2023-08-31 06:59:22',0,'2023-08-31 06:59:22',0,NULL),(1156,193,2.97,'2022-01-31 23:00:00',NULL,NULL,NULL,'2023-08-31 06:59:22',0,'2023-08-31 06:59:22',0,NULL),(1157,193,3.267,'2022-01-31 23:00:00',NULL,NULL,NULL,'2023-08-31 06:59:22',0,'2023-08-31 06:59:22',0,NULL),(1158,193,4.084,'2022-01-31 23:00:00',NULL,NULL,NULL,'2023-08-31 06:59:22',0,'2023-08-31 06:59:22',0,NULL),(1159,193,2.859,'2022-02-28 23:00:00',NULL,NULL,NULL,'2023-08-31 06:59:22',0,'2023-08-31 06:59:22',0,NULL),(1160,193,3.144,'2022-02-28 23:00:00',NULL,NULL,NULL,'2023-08-31 06:59:22',0,'2023-08-31 06:59:22',0,NULL),(1161,193,3.931,'2022-02-28 23:00:00',NULL,NULL,NULL,'2023-08-31 06:59:22',0,'2023-08-31 06:59:22',0,NULL),(1162,195,2.7,'2021-12-31 23:00:00',NULL,NULL,NULL,'2023-08-31 06:59:22',0,'2023-08-31 06:59:22',0,NULL),(1163,195,2.97,'2021-12-31 23:00:00',NULL,NULL,NULL,'2023-08-31 06:59:22',0,'2023-08-31 06:59:22',0,NULL),(1164,195,3.713,'2021-12-31 23:00:00',NULL,NULL,NULL,'2023-08-31 06:59:22',0,'2023-08-31 06:59:22',0,NULL),(1165,195,3.341,'2022-01-31 23:00:00',NULL,NULL,NULL,'2023-08-31 06:59:22',0,'2023-08-31 06:59:22',0,NULL),(1166,195,3.675,'2022-01-31 23:00:00',NULL,NULL,NULL,'2023-08-31 06:59:22',0,'2023-08-31 06:59:22',0,NULL),(1167,195,4.594,'2022-01-31 23:00:00',NULL,NULL,NULL,'2023-08-31 06:59:22',0,'2023-08-31 06:59:22',0,NULL),(1168,195,3.216,'2022-02-28 23:00:00',NULL,NULL,NULL,'2023-08-31 06:59:22',0,'2023-08-31 06:59:22',0,NULL),(1169,195,3.538,'2022-02-28 23:00:00',NULL,NULL,NULL,'2023-08-31 06:59:22',0,'2023-08-31 06:59:22',0,NULL),(1170,195,4.422,'2022-02-28 23:00:00',NULL,NULL,NULL,'2023-08-31 06:59:22',0,'2023-08-31 06:59:22',0,NULL),(1171,196,3,'2021-12-31 23:00:00',NULL,NULL,NULL,'2023-08-31 06:59:22',0,'2023-08-31 06:59:22',0,NULL),(1172,196,3.3,'2021-12-31 23:00:00',NULL,NULL,NULL,'2023-08-31 06:59:22',0,'2023-08-31 06:59:22',0,NULL),(1173,196,4.125,'2021-12-31 23:00:00',NULL,NULL,NULL,'2023-08-31 06:59:22',0,'2023-08-31 06:59:22',0,NULL),(1174,196,3.713,'2022-01-31 23:00:00',NULL,NULL,NULL,'2023-08-31 06:59:22',0,'2023-08-31 06:59:22',0,NULL),(1175,196,4.084,'2022-01-31 23:00:00',NULL,NULL,NULL,'2023-08-31 06:59:22',0,'2023-08-31 06:59:22',0,NULL),(1176,196,5.105,'2022-01-31 23:00:00',NULL,NULL,NULL,'2023-08-31 06:59:22',0,'2023-08-31 06:59:22',0,NULL),(1177,196,3.573,'2022-02-28 23:00:00',NULL,NULL,NULL,'2023-08-31 06:59:22',0,'2023-08-31 06:59:22',0,NULL),(1178,196,3.931,'2022-02-28 23:00:00',NULL,NULL,NULL,'2023-08-31 06:59:22',0,'2023-08-31 06:59:22',0,NULL),(1179,196,4.913,'2022-02-28 23:00:00',NULL,NULL,NULL,'2023-08-31 06:59:22',0,'2023-08-31 06:59:22',0,NULL),(1180,197,3.3,'2021-12-31 23:00:00',NULL,NULL,NULL,'2023-08-31 06:59:22',0,'2023-08-31 06:59:22',0,NULL),(1181,197,3.63,'2021-12-31 23:00:00',NULL,NULL,NULL,'2023-08-31 06:59:22',0,'2023-08-31 06:59:22',0,NULL),(1182,197,4.538,'2021-12-31 23:00:00',NULL,NULL,NULL,'2023-08-31 06:59:22',0,'2023-08-31 06:59:22',0,NULL),(1183,197,4.084,'2022-01-31 23:00:00',NULL,NULL,NULL,'2023-08-31 06:59:22',0,'2023-08-31 06:59:22',0,NULL),(1184,197,4.492,'2022-01-31 23:00:00',NULL,NULL,NULL,'2023-08-31 06:59:22',0,'2023-08-31 06:59:22',0,NULL),(1185,197,5.615,'2022-01-31 23:00:00',NULL,NULL,NULL,'2023-08-31 06:59:22',0,'2023-08-31 06:59:22',0,NULL),(1186,197,3.931,'2022-02-28 23:00:00',NULL,NULL,NULL,'2023-08-31 06:59:22',0,'2023-08-31 06:59:22',0,NULL),(1187,197,4.324,'2022-02-28 23:00:00',NULL,NULL,NULL,'2023-08-31 06:59:22',0,'2023-08-31 06:59:22',0,NULL),(1188,197,5.405,'2022-02-28 23:00:00',NULL,NULL,NULL,'2023-08-31 06:59:22',0,'2023-08-31 06:59:22',0,NULL),(1189,198,3.6,'2021-12-31 23:00:00',NULL,NULL,NULL,'2023-08-31 06:59:22',0,'2023-08-31 06:59:22',0,NULL),(1190,198,3.96,'2021-12-31 23:00:00',NULL,NULL,NULL,'2023-08-31 06:59:22',0,'2023-08-31 06:59:22',0,NULL),(1191,198,4.95,'2021-12-31 23:00:00',NULL,NULL,NULL,'2023-08-31 06:59:22',0,'2023-08-31 06:59:22',0,NULL),(1192,198,4.455,'2022-01-31 23:00:00',NULL,NULL,NULL,'2023-08-31 06:59:22',0,'2023-08-31 06:59:22',0,NULL),(1193,198,4.901,'2022-01-31 23:00:00',NULL,NULL,NULL,'2023-08-31 06:59:22',0,'2023-08-31 06:59:22',0,NULL),(1194,198,6.126,'2022-01-31 23:00:00',NULL,NULL,NULL,'2023-08-31 06:59:22',0,'2023-08-31 06:59:22',0,NULL),(1195,198,4.288,'2022-02-28 23:00:00',NULL,NULL,NULL,'2023-08-31 06:59:22',0,'2023-08-31 06:59:22',0,NULL),(1196,198,4.717,'2022-02-28 23:00:00',NULL,NULL,NULL,'2023-08-31 06:59:22',0,'2023-08-31 06:59:22',0,NULL),(1197,198,5.896,'2022-02-28 23:00:00',NULL,NULL,NULL,'2023-08-31 06:59:22',0,'2023-08-31 06:59:22',0,NULL),(1198,200,6,'2021-12-31 23:00:00',NULL,NULL,NULL,'2023-08-31 06:59:22',0,'2023-08-31 06:59:22',0,NULL),(1199,200,6.6,'2021-12-31 23:00:00',NULL,NULL,NULL,'2023-08-31 06:59:22',0,'2023-08-31 06:59:22',0,NULL),(1200,200,8.25,'2021-12-31 23:00:00',NULL,NULL,NULL,'2023-08-31 06:59:22',0,'2023-08-31 06:59:22',0,NULL),(1201,200,7.425,'2022-01-31 23:00:00',NULL,NULL,NULL,'2023-08-31 06:59:22',0,'2023-08-31 06:59:22',0,NULL),(1202,200,8.168,'2022-01-31 23:00:00',NULL,NULL,NULL,'2023-08-31 06:59:22',0,'2023-08-31 06:59:22',0,NULL),(1203,200,10.209,'2022-01-31 23:00:00',NULL,NULL,NULL,'2023-08-31 06:59:22',0,'2023-08-31 06:59:22',0,NULL),(1204,200,7.147,'2022-02-28 23:00:00',NULL,NULL,NULL,'2023-08-31 06:59:22',0,'2023-08-31 06:59:22',0,NULL),(1205,200,7.861,'2022-02-28 23:00:00',NULL,NULL,NULL,'2023-08-31 06:59:22',0,'2023-08-31 06:59:22',0,NULL),(1206,200,9.827,'2022-02-28 23:00:00',NULL,NULL,NULL,'2023-08-31 06:59:22',0,'2023-08-31 06:59:22',0,NULL),(1207,201,6.6,'2021-12-31 23:00:00',NULL,NULL,NULL,'2023-08-31 06:59:22',0,'2023-08-31 06:59:22',0,NULL),(1208,201,7.26,'2021-12-31 23:00:00',NULL,NULL,NULL,'2023-08-31 06:59:22',0,'2023-08-31 06:59:22',0,NULL),(1209,201,9.075,'2021-12-31 23:00:00',NULL,NULL,NULL,'2023-08-31 06:59:22',0,'2023-08-31 06:59:22',0,NULL),(1210,201,8.168,'2022-01-31 23:00:00',NULL,NULL,NULL,'2023-08-31 06:59:22',0,'2023-08-31 06:59:22',0,NULL),(1211,201,8.984,'2022-01-31 23:00:00',NULL,NULL,NULL,'2023-08-31 06:59:22',0,'2023-08-31 06:59:22',0,NULL),(1212,201,11.23,'2022-01-31 23:00:00',NULL,NULL,NULL,'2023-08-31 06:59:22',0,'2023-08-31 06:59:22',0,NULL),(1213,201,7.861,'2022-02-28 23:00:00',NULL,NULL,NULL,'2023-08-31 06:59:22',0,'2023-08-31 06:59:22',0,NULL),(1214,201,8.647,'2022-02-28 23:00:00',NULL,NULL,NULL,'2023-08-31 06:59:23',0,'2023-08-31 06:59:23',0,NULL),(1215,201,10.809,'2022-02-28 23:00:00',NULL,NULL,NULL,'2023-08-31 06:59:23',0,'2023-08-31 06:59:23',0,NULL),(1216,202,7.2,'2021-12-31 23:00:00',NULL,NULL,NULL,'2023-08-31 06:59:23',0,'2023-08-31 06:59:23',0,NULL),(1217,202,7.92,'2021-12-31 23:00:00',NULL,NULL,NULL,'2023-08-31 06:59:23',0,'2023-08-31 06:59:23',0,NULL),(1218,202,9.9,'2021-12-31 23:00:00',NULL,NULL,NULL,'2023-08-31 06:59:23',0,'2023-08-31 06:59:23',0,NULL),(1219,202,8.91,'2022-01-31 23:00:00',NULL,NULL,NULL,'2023-08-31 06:59:23',0,'2023-08-31 06:59:23',0,NULL),(1220,202,9.801,'2022-01-31 23:00:00',NULL,NULL,NULL,'2023-08-31 06:59:23',0,'2023-08-31 06:59:23',0,NULL),(1221,202,12.251,'2022-01-31 23:00:00',NULL,NULL,NULL,'2023-08-31 06:59:23',0,'2023-08-31 06:59:23',0,NULL),(1222,202,8.576,'2022-02-28 23:00:00',NULL,NULL,NULL,'2023-08-31 06:59:23',0,'2023-08-31 06:59:23',0,NULL),(1223,202,9.433,'2022-02-28 23:00:00',NULL,NULL,NULL,'2023-08-31 06:59:23',0,'2023-08-31 06:59:23',0,NULL),(1224,202,11.792,'2022-02-28 23:00:00',NULL,NULL,NULL,'2023-08-31 06:59:23',0,'2023-08-31 06:59:23',0,NULL),(1225,203,7.8,'2021-12-31 23:00:00',NULL,NULL,NULL,'2023-08-31 06:59:23',0,'2023-08-31 06:59:23',0,NULL),(1226,203,8.58,'2021-12-31 23:00:00',NULL,NULL,NULL,'2023-08-31 06:59:23',0,'2023-08-31 06:59:23',0,NULL),(1227,203,10.725,'2021-12-31 23:00:00',NULL,NULL,NULL,'2023-08-31 06:59:23',0,'2023-08-31 06:59:23',0,NULL),(1228,203,9.653,'2022-01-31 23:00:00',NULL,NULL,NULL,'2023-08-31 06:59:23',0,'2023-08-31 06:59:23',0,NULL),(1229,203,10.618,'2022-01-31 23:00:00',NULL,NULL,NULL,'2023-08-31 06:59:23',0,'2023-08-31 06:59:23',0,NULL),(1230,203,13.272,'2022-01-31 23:00:00',NULL,NULL,NULL,'2023-08-31 06:59:23',0,'2023-08-31 06:59:23',0,NULL),(1231,203,9.291,'2022-02-28 23:00:00',NULL,NULL,NULL,'2023-08-31 06:59:23',0,'2023-08-31 06:59:23',0,NULL),(1232,203,10.22,'2022-02-28 23:00:00',NULL,NULL,NULL,'2023-08-31 06:59:23',0,'2023-08-31 06:59:23',0,NULL),(1233,203,12.774,'2022-02-28 23:00:00',NULL,NULL,NULL,'2023-08-31 06:59:23',0,'2023-08-31 06:59:23',0,NULL),(1234,207,300,'2021-12-31 23:00:00',NULL,NULL,NULL,'2023-08-31 06:59:23',0,'2023-08-31 06:59:23',0,NULL),(1235,207,330,'2021-12-31 23:00:00',NULL,NULL,NULL,'2023-08-31 06:59:23',0,'2023-08-31 06:59:23',0,NULL),(1236,207,413,'2021-12-31 23:00:00',NULL,NULL,NULL,'2023-08-31 06:59:23',0,'2023-08-31 06:59:23',0,NULL),(1237,207,371,'2022-01-31 23:00:00',NULL,NULL,NULL,'2023-08-31 06:59:23',0,'2023-08-31 06:59:23',0,NULL),(1238,207,408,'2022-01-31 23:00:00',NULL,NULL,NULL,'2023-08-31 06:59:23',0,'2023-08-31 06:59:23',0,NULL),(1239,207,510,'2022-01-31 23:00:00',NULL,NULL,NULL,'2023-08-31 06:59:23',0,'2023-08-31 06:59:23',0,NULL),(1240,207,357,'2022-02-28 23:00:00',NULL,NULL,NULL,'2023-08-31 06:59:23',0,'2023-08-31 06:59:23',0,NULL),(1241,207,393,'2022-02-28 23:00:00',NULL,NULL,NULL,'2023-08-31 06:59:23',0,'2023-08-31 06:59:23',0,NULL),(1242,207,491,'2022-02-28 23:00:00',NULL,NULL,NULL,'2023-08-31 06:59:23',0,'2023-08-31 06:59:23',0,NULL),(1243,207,700,'2021-12-31 23:00:00',NULL,NULL,NULL,'2023-08-31 06:59:23',0,'2023-08-31 06:59:23',0,NULL),(1244,207,770,'2021-12-31 23:00:00',NULL,NULL,NULL,'2023-08-31 06:59:23',0,'2023-08-31 06:59:23',0,NULL),(1245,207,963,'2021-12-31 23:00:00',NULL,NULL,NULL,'2023-08-31 06:59:23',0,'2023-08-31 06:59:23',0,NULL),(1246,207,866,'2022-01-31 23:00:00',NULL,NULL,NULL,'2023-08-31 06:59:23',0,'2023-08-31 06:59:23',0,NULL),(1247,207,953,'2022-01-31 23:00:00',NULL,NULL,NULL,'2023-08-31 06:59:23',0,'2023-08-31 06:59:23',0,NULL),(1248,207,1.191,'2022-01-31 23:00:00',NULL,NULL,NULL,'2023-08-31 06:59:23',0,'2023-08-31 06:59:23',0,NULL),(1249,207,834,'2022-02-28 23:00:00',NULL,NULL,NULL,'2023-08-31 06:59:23',0,'2023-08-31 06:59:23',0,NULL),(1250,207,917,'2022-02-28 23:00:00',NULL,NULL,NULL,'2023-08-31 06:59:23',0,'2023-08-31 06:59:23',0,NULL),(1251,207,1.146,'2022-02-28 23:00:00',NULL,NULL,NULL,'2023-08-31 06:59:23',0,'2023-08-31 06:59:23',0,NULL),(1252,209,1.2,'2021-12-31 23:00:00',NULL,NULL,NULL,'2023-08-31 06:59:23',0,'2023-08-31 06:59:23',0,NULL),(1253,209,1.32,'2021-12-31 23:00:00',NULL,NULL,NULL,'2023-08-31 06:59:23',0,'2023-08-31 06:59:23',0,NULL),(1254,209,1.65,'2021-12-31 23:00:00',NULL,NULL,NULL,'2023-08-31 06:59:23',0,'2023-08-31 06:59:23',0,NULL),(1255,209,1.485,'2022-01-31 23:00:00',NULL,NULL,NULL,'2023-08-31 06:59:23',0,'2023-08-31 06:59:23',0,NULL),(1256,209,1.634,'2022-01-31 23:00:00',NULL,NULL,NULL,'2023-08-31 06:59:23',0,'2023-08-31 06:59:23',0,NULL),(1257,209,2.042,'2022-01-31 23:00:00',NULL,NULL,NULL,'2023-08-31 06:59:23',0,'2023-08-31 06:59:23',0,NULL),(1258,209,1.429,'2022-02-28 23:00:00',NULL,NULL,NULL,'2023-08-31 06:59:23',0,'2023-08-31 06:59:23',0,NULL),(1259,209,1.572,'2022-02-28 23:00:00',NULL,NULL,NULL,'2023-08-31 06:59:23',0,'2023-08-31 06:59:23',0,NULL),(1260,209,1.965,'2022-02-28 23:00:00',NULL,NULL,NULL,'2023-08-31 06:59:23',0,'2023-08-31 06:59:23',0,NULL),(1261,209,1.6,'2021-12-31 23:00:00',NULL,NULL,NULL,'2023-08-31 06:59:23',0,'2023-08-31 06:59:23',0,NULL),(1262,209,1.76,'2021-12-31 23:00:00',NULL,NULL,NULL,'2023-08-31 06:59:23',0,'2023-08-31 06:59:23',0,NULL),(1263,209,2.2,'2021-12-31 23:00:00',NULL,NULL,NULL,'2023-08-31 06:59:23',0,'2023-08-31 06:59:23',0,NULL),(1264,209,1.98,'2022-01-31 23:00:00',NULL,NULL,NULL,'2023-08-31 06:59:23',0,'2023-08-31 06:59:23',0,NULL),(1265,209,2.178,'2022-01-31 23:00:00',NULL,NULL,NULL,'2023-08-31 06:59:23',0,'2023-08-31 06:59:23',0,NULL),(1266,209,2.723,'2022-01-31 23:00:00',NULL,NULL,NULL,'2023-08-31 06:59:23',0,'2023-08-31 06:59:23',0,NULL),(1267,209,1.906,'2022-02-28 23:00:00',NULL,NULL,NULL,'2023-08-31 06:59:23',0,'2023-08-31 06:59:23',0,NULL),(1268,209,2.096,'2022-02-28 23:00:00',NULL,NULL,NULL,'2023-08-31 06:59:23',0,'2023-08-31 06:59:23',0,NULL),(1269,209,2.62,'2022-02-28 23:00:00',NULL,NULL,NULL,'2023-08-31 06:59:23',0,'2023-08-31 06:59:23',0,NULL),(1270,211,1.5,'2021-12-31 23:00:00',NULL,NULL,NULL,'2023-08-31 06:59:23',0,'2023-08-31 06:59:23',0,NULL),(1271,211,1.65,'2021-12-31 23:00:00',NULL,NULL,NULL,'2023-08-31 06:59:23',0,'2023-08-31 06:59:23',0,NULL),(1272,211,2.063,'2021-12-31 23:00:00',NULL,NULL,NULL,'2023-08-31 06:59:23',0,'2023-08-31 06:59:23',0,NULL),(1273,211,1.856,'2022-01-31 23:00:00',NULL,NULL,NULL,'2023-08-31 06:59:23',0,'2023-08-31 06:59:23',0,NULL),(1274,211,2.042,'2022-01-31 23:00:00',NULL,NULL,NULL,'2023-08-31 06:59:23',0,'2023-08-31 06:59:23',0,NULL),(1275,211,2.552,'2022-01-31 23:00:00',NULL,NULL,NULL,'2023-08-31 06:59:23',0,'2023-08-31 06:59:23',0,NULL),(1276,211,1.787,'2022-02-28 23:00:00',NULL,NULL,NULL,'2023-08-31 06:59:23',0,'2023-08-31 06:59:23',0,NULL),(1277,211,1.965,'2022-02-28 23:00:00',NULL,NULL,NULL,'2023-08-31 06:59:24',0,'2023-08-31 06:59:24',0,NULL),(1278,211,2.457,'2022-02-28 23:00:00',NULL,NULL,NULL,'2023-08-31 06:59:24',0,'2023-08-31 06:59:24',0,NULL),(1279,211,1.9,'2021-12-31 23:00:00',NULL,NULL,NULL,'2023-08-31 06:59:24',0,'2023-08-31 06:59:24',0,NULL),(1280,211,2.09,'2021-12-31 23:00:00',NULL,NULL,NULL,'2023-08-31 06:59:24',0,'2023-08-31 06:59:24',0,NULL),(1281,211,2.613,'2021-12-31 23:00:00',NULL,NULL,NULL,'2023-08-31 06:59:24',0,'2023-08-31 06:59:24',0,NULL),(1282,211,2.351,'2022-01-31 23:00:00',NULL,NULL,NULL,'2023-08-31 06:59:24',0,'2023-08-31 06:59:24',0,NULL),(1283,211,2.586,'2022-01-31 23:00:00',NULL,NULL,NULL,'2023-08-31 06:59:24',0,'2023-08-31 06:59:24',0,NULL),(1284,211,3.233,'2022-01-31 23:00:00',NULL,NULL,NULL,'2023-08-31 06:59:24',0,'2023-08-31 06:59:24',0,NULL),(1285,211,2.263,'2022-02-28 23:00:00',NULL,NULL,NULL,'2023-08-31 06:59:24',0,'2023-08-31 06:59:24',0,NULL),(1286,211,2.489,'2022-02-28 23:00:00',NULL,NULL,NULL,'2023-08-31 06:59:24',0,'2023-08-31 06:59:24',0,NULL),(1287,211,3.112,'2022-02-28 23:00:00',NULL,NULL,NULL,'2023-08-31 06:59:24',0,'2023-08-31 06:59:24',0,NULL),(1288,213,600,'2021-12-31 23:00:00',NULL,NULL,NULL,'2023-08-31 06:59:24',0,'2023-08-31 06:59:24',0,NULL),(1289,213,660,'2021-12-31 23:00:00',NULL,NULL,NULL,'2023-08-31 06:59:24',0,'2023-08-31 06:59:24',0,NULL),(1290,213,825,'2021-12-31 23:00:00',NULL,NULL,NULL,'2023-08-31 06:59:24',0,'2023-08-31 06:59:24',0,NULL),(1291,213,743,'2022-01-31 23:00:00',NULL,NULL,NULL,'2023-08-31 06:59:24',0,'2023-08-31 06:59:24',0,NULL),(1292,213,817,'2022-01-31 23:00:00',NULL,NULL,NULL,'2023-08-31 06:59:24',0,'2023-08-31 06:59:24',0,NULL),(1293,213,1.021,'2022-01-31 23:00:00',NULL,NULL,NULL,'2023-08-31 06:59:24',0,'2023-08-31 06:59:24',0,NULL),(1294,213,715,'2022-02-28 23:00:00',NULL,NULL,NULL,'2023-08-31 06:59:24',0,'2023-08-31 06:59:24',0,NULL),(1295,213,786,'2022-02-28 23:00:00',NULL,NULL,NULL,'2023-08-31 06:59:24',0,'2023-08-31 06:59:24',0,NULL),(1296,213,983,'2022-02-28 23:00:00',NULL,NULL,NULL,'2023-08-31 06:59:24',0,'2023-08-31 06:59:24',0,NULL),(1297,213,1,'2021-12-31 23:00:00',NULL,NULL,NULL,'2023-08-31 06:59:24',0,'2023-08-31 06:59:24',0,NULL),(1298,213,1.1,'2021-12-31 23:00:00',NULL,NULL,NULL,'2023-08-31 06:59:24',0,'2023-08-31 06:59:24',0,NULL),(1299,213,1.375,'2021-12-31 23:00:00',NULL,NULL,NULL,'2023-08-31 06:59:24',0,'2023-08-31 06:59:24',0,NULL),(1300,213,1.238,'2022-01-31 23:00:00',NULL,NULL,NULL,'2023-08-31 06:59:24',0,'2023-08-31 06:59:24',0,NULL),(1301,213,1.361,'2022-01-31 23:00:00',NULL,NULL,NULL,'2023-08-31 06:59:24',0,'2023-08-31 06:59:24',0,NULL),(1302,213,1.702,'2022-01-31 23:00:00',NULL,NULL,NULL,'2023-08-31 06:59:24',0,'2023-08-31 06:59:24',0,NULL),(1303,213,1.191,'2022-02-28 23:00:00',NULL,NULL,NULL,'2023-08-31 06:59:24',0,'2023-08-31 06:59:24',0,NULL),(1304,213,1.31,'2022-02-28 23:00:00',NULL,NULL,NULL,'2023-08-31 06:59:24',0,'2023-08-31 06:59:24',0,NULL),(1305,213,1.638,'2022-02-28 23:00:00',NULL,NULL,NULL,'2023-08-31 06:59:24',0,'2023-08-31 06:59:24',0,NULL),(1306,215,1.2,'2021-12-31 23:00:00',NULL,NULL,NULL,'2023-08-31 06:59:24',0,'2023-08-31 06:59:24',0,NULL),(1307,215,1.32,'2021-12-31 23:00:00',NULL,NULL,NULL,'2023-08-31 06:59:24',0,'2023-08-31 06:59:24',0,NULL),(1308,215,1.65,'2021-12-31 23:00:00',NULL,NULL,NULL,'2023-08-31 06:59:24',0,'2023-08-31 06:59:24',0,NULL),(1309,215,1.485,'2022-01-31 23:00:00',NULL,NULL,NULL,'2023-08-31 06:59:24',0,'2023-08-31 06:59:24',0,NULL),(1310,215,1.634,'2022-01-31 23:00:00',NULL,NULL,NULL,'2023-08-31 06:59:24',0,'2023-08-31 06:59:24',0,NULL),(1311,215,2.042,'2022-01-31 23:00:00',NULL,NULL,NULL,'2023-08-31 06:59:24',0,'2023-08-31 06:59:24',0,NULL),(1312,215,1.429,'2022-02-28 23:00:00',NULL,NULL,NULL,'2023-08-31 06:59:24',0,'2023-08-31 06:59:24',0,NULL),(1313,215,1.572,'2022-02-28 23:00:00',NULL,NULL,NULL,'2023-08-31 06:59:24',0,'2023-08-31 06:59:24',0,NULL),(1314,215,1.965,'2022-02-28 23:00:00',NULL,NULL,NULL,'2023-08-31 06:59:24',0,'2023-08-31 06:59:24',0,NULL),(1315,215,1.6,'2021-12-31 23:00:00',NULL,NULL,NULL,'2023-08-31 06:59:24',0,'2023-08-31 06:59:24',0,NULL),(1316,215,1.76,'2021-12-31 23:00:00',NULL,NULL,NULL,'2023-08-31 06:59:24',0,'2023-08-31 06:59:24',0,NULL),(1317,215,2.2,'2021-12-31 23:00:00',NULL,NULL,NULL,'2023-08-31 06:59:24',0,'2023-08-31 06:59:24',0,NULL),(1318,215,1.98,'2022-01-31 23:00:00',NULL,NULL,NULL,'2023-08-31 06:59:24',0,'2023-08-31 06:59:24',0,NULL),(1319,215,2.178,'2022-01-31 23:00:00',NULL,NULL,NULL,'2023-08-31 06:59:24',0,'2023-08-31 06:59:24',0,NULL),(1320,215,2.723,'2022-01-31 23:00:00',NULL,NULL,NULL,'2023-08-31 06:59:24',0,'2023-08-31 06:59:24',0,NULL),(1321,215,1.906,'2022-02-28 23:00:00',NULL,NULL,NULL,'2023-08-31 06:59:24',0,'2023-08-31 06:59:24',0,NULL),(1322,215,2.096,'2022-02-28 23:00:00',NULL,NULL,NULL,'2023-08-31 06:59:24',0,'2023-08-31 06:59:24',0,NULL),(1323,215,2.62,'2022-02-28 23:00:00',NULL,NULL,NULL,'2023-08-31 06:59:24',0,'2023-08-31 06:59:24',0,NULL);
/*!40000 ALTER TABLE `tesorus_road_calculator_price` ENABLE KEYS */;
UNLOCK TABLES;
/*!40103 SET TIME_ZONE=@OLD_TIME_ZONE */;

/*!40101 SET SQL_MODE=@OLD_SQL_MODE */;
/*!40014 SET FOREIGN_KEY_CHECKS=@OLD_FOREIGN_KEY_CHECKS */;
/*!40014 SET UNIQUE_CHECKS=@OLD_UNIQUE_CHECKS */;
/*!40101 SET CHARACTER_SET_CLIENT=@OLD_CHARACTER_SET_CLIENT */;
/*!40101 SET CHARACTER_SET_RESULTS=@OLD_CHARACTER_SET_RESULTS */;
/*!40101 SET COLLATION_CONNECTION=@OLD_COLLATION_CONNECTION */;
/*!40111 SET SQL_NOTES=@OLD_SQL_NOTES */;

-- Dump completed on 2023-09-10 22:34:14
